,activa_consumo,activa_generaci√≥n,reactiva_capacitiva,reactiva_inductiva,date
0,4948.0,0.0,0.0,1382.0,2020-02-16
1,14400.0,0.0,0.0,7070.0,2020-02-17
2,14900.0,0.0,0.0,7640.0,2020-02-18
3,14980.0,0.0,0.0,7800.0,2020-02-19
4,16104.0,0.0,0.0,8376.0,2020-02-20
5,14504.0,0.0,0.0,7250.0,2020-02-21
6,12456.0,0.0,0.0,6356.0,2020-02-22
7,12530.0,0.0,0.0,6372.0,2020-02-23
8,15230.0,0.0,0.0,7604.0,2020-02-24
9,15864.0,0.0,0.0,7964.0,2020-02-25
10,14910.0,0.0,0.0,7540.0,2020-02-26
11,14060.0,0.0,0.0,7364.0,2020-02-27
12,14056.0,0.0,0.0,6984.0,2020-02-28
13,13050.0,0.0,0.0,6724.0,2020-02-29
14,9020.0,0.0,0.0,4940.0,2020-03-01
15,15140.0,0.0,0.0,7572.0,2020-03-02
16,14730.0,0.0,0.0,7676.0,2020-03-03
17,15640.0,0.0,0.0,7932.0,2020-03-04
18,14260.0,0.0,0.0,7268.0,2020-03-05
19,14984.0,0.0,0.0,7400.0,2020-03-06
20,13650.0,0.0,0.0,6924.0,2020-03-07
21,8730.0,0.0,0.0,4876.0,2020-03-08
22,15304.0,0.0,0.0,7690.0,2020-03-09
23,16024.0,0.0,0.0,8176.0,2020-03-10
24,15340.0,0.0,0.0,7770.0,2020-03-11
25,15590.0,0.0,0.0,7944.0,2020-03-12
26,14904.0,0.0,0.0,7508.0,2020-03-13
27,14860.0,0.0,0.0,7616.0,2020-03-14
28,11224.0,0.0,0.0,5844.0,2020-03-15
29,14520.0,0.0,0.0,7092.0,2020-03-16
30,14640.0,0.0,0.0,6884.0,2020-03-17
31,15176.0,0.0,0.0,7468.0,2020-03-18
32,13900.0,0.0,0.0,6990.0,2020-03-19
33,12110.0,0.0,0.0,6372.0,2020-03-20
34,12480.0,0.0,0.0,6476.0,2020-03-21
35,10060.0,0.0,0.0,5724.0,2020-03-22
36,13930.0,0.0,0.0,6870.0,2020-03-23
37,13310.0,0.0,0.0,6668.0,2020-03-24
38,13020.0,0.0,0.0,6750.0,2020-03-25
39,13250.0,0.0,0.0,6770.0,2020-03-26
40,12660.0,0.0,0.0,6504.0,2020-03-27
41,12000.0,0.0,0.0,6188.0,2020-03-28
42,10850.0,0.0,0.0,5376.0,2020-03-29
43,12536.0,0.0,0.0,6388.0,2020-03-30
44,13260.0,0.0,0.0,6776.0,2020-03-31
45,13310.0,0.0,0.0,6670.0,2020-04-01
46,15050.0,0.0,0.0,7508.0,2020-04-02
47,13700.0,0.0,0.0,6980.0,2020-04-03
48,10650.0,0.0,0.0,5796.0,2020-04-04
49,12616.0,0.0,0.0,6596.0,2020-04-05
50,14190.0,0.0,0.0,7164.0,2020-04-06
51,14410.0,0.0,0.0,7504.0,2020-04-07
52,13680.0,0.0,0.0,7140.0,2020-04-08
53,13750.0,0.0,0.0,6948.0,2020-04-09
54,13410.0,0.0,0.0,6740.0,2020-04-10
55,13610.0,0.0,0.0,6972.0,2020-04-11
56,11256.0,0.0,0.0,6010.0,2020-04-12
57,14600.0,0.0,0.0,7296.0,2020-04-13
58,13710.0,0.0,0.0,6970.0,2020-04-14
59,13410.0,0.0,0.0,6760.0,2020-04-15
60,15000.0,0.0,0.0,7428.0,2020-04-16
61,12280.0,0.0,0.0,6256.0,2020-04-17
62,12120.0,0.0,0.0,6430.0,2020-04-18
63,9460.0,0.0,0.0,5172.0,2020-04-19
64,14280.0,0.0,0.0,7130.0,2020-04-20
65,13270.0,0.0,0.0,6780.0,2020-04-21
66,13360.0,0.0,0.0,6976.0,2020-04-22
67,13490.0,0.0,0.0,7068.0,2020-04-23
68,13850.0,0.0,0.0,7056.0,2020-04-24
69,12650.0,0.0,0.0,6628.0,2020-04-25
70,12700.0,0.0,0.0,6932.0,2020-04-26
71,13680.0,0.0,0.0,7276.0,2020-04-27
72,15544.0,0.0,0.0,8070.0,2020-04-28
73,15150.0,0.0,0.0,7700.0,2020-04-29
74,12056.0,0.0,0.0,6556.0,2020-04-30
75,14780.0,0.0,0.0,7600.0,2020-05-01
76,10184.0,0.0,0.0,5996.0,2020-05-02
77,11224.0,0.0,0.0,6264.0,2020-05-03
78,14930.0,0.0,0.0,7804.0,2020-05-04
79,16240.0,0.0,0.0,8280.0,2020-05-05
80,12904.0,0.0,0.0,7210.0,2020-05-06
81,14170.0,0.0,0.0,7468.0,2020-05-07
82,14216.0,0.0,0.0,7744.0,2020-05-08
83,14650.0,0.0,0.0,8132.0,2020-05-09
84,11944.0,0.0,0.0,6772.0,2020-05-10
85,14830.0,0.0,0.0,7870.0,2020-05-11
86,13850.0,0.0,0.0,7864.0,2020-05-12
87,16460.0,0.0,0.0,8670.0,2020-05-13
88,15144.0,0.0,0.0,8250.0,2020-05-14
89,14110.0,0.0,0.0,7656.0,2020-05-15
90,13800.0,0.0,0.0,7732.0,2020-05-16
91,11760.0,0.0,0.0,6940.0,2020-05-17
92,14664.0,0.0,0.0,7964.0,2020-05-18
93,15540.0,0.0,0.0,8012.0,2020-05-19
94,15080.0,0.0,0.0,7932.0,2020-05-20
95,14380.0,0.0,0.0,7776.0,2020-05-21
96,15680.0,0.0,0.0,8220.0,2020-05-22
97,12670.0,0.0,0.0,6970.0,2020-05-23
98,13880.0,0.0,0.0,7356.0,2020-05-24
99,14424.0,0.0,0.0,7772.0,2020-05-25
100,14380.0,0.0,0.0,7816.0,2020-05-26
101,15020.0,0.0,0.0,7990.0,2020-05-27
102,14090.0,0.0,0.0,7424.0,2020-05-28
103,15070.0,0.0,0.0,7932.0,2020-05-29
104,15190.0,0.0,0.0,7748.0,2020-05-30
105,11230.0,0.0,0.0,6360.0,2020-05-31
106,14270.0,0.0,0.0,7576.0,2020-06-01
107,14376.0,0.0,0.0,7830.0,2020-06-02
108,15144.0,0.0,0.0,7760.0,2020-06-03
109,15470.0,0.0,0.0,7960.0,2020-06-04
110,15096.0,0.0,0.0,7950.0,2020-06-05
111,14010.0,0.0,0.0,7430.0,2020-06-06
112,15100.0,0.0,0.0,7612.0,2020-06-07
113,13490.0,0.0,0.0,7188.0,2020-06-08
114,16430.0,0.0,0.0,8410.0,2020-06-09
115,15570.0,0.0,0.0,7896.0,2020-06-10
116,13230.0,0.0,0.0,7092.0,2020-06-11
117,14824.0,0.0,0.0,7316.0,2020-06-12
118,11900.0,0.0,0.0,6570.0,2020-06-13
119,13730.0,0.0,0.0,7200.0,2020-06-14
120,14160.0,0.0,0.0,7344.0,2020-06-15
121,14184.0,0.0,0.0,7644.0,2020-06-16
122,15144.0,0.0,0.0,7900.0,2020-06-17
123,15064.0,0.0,0.0,7850.0,2020-06-18
124,15260.0,0.0,0.0,8024.0,2020-06-19
125,16020.0,0.0,0.0,8230.0,2020-06-20
126,13500.0,0.0,0.0,7004.0,2020-06-21
127,15096.0,0.0,0.0,7744.0,2020-06-22
128,14660.0,0.0,0.0,7600.0,2020-06-23
129,14180.0,0.0,0.0,7270.0,2020-06-24
130,14010.0,0.0,0.0,7280.0,2020-06-25
131,13850.0,0.0,0.0,7270.0,2020-06-26
132,14010.0,0.0,0.0,7068.0,2020-06-27
133,13010.0,0.0,0.0,6548.0,2020-06-28
134,15430.0,0.0,0.0,7860.0,2020-06-29
135,16120.0,0.0,0.0,8200.0,2020-06-30
136,15350.0,0.0,0.0,8250.0,2020-07-01
137,15690.0,0.0,0.0,8490.0,2020-07-02
138,15430.0,0.0,0.0,8380.0,2020-07-03
139,16090.0,0.0,0.0,8536.0,2020-07-04
140,15260.0,0.0,0.0,7884.0,2020-07-05
141,14456.0,0.0,0.0,8130.0,2020-07-06
142,14990.0,0.0,0.0,8190.0,2020-07-07
143,16310.0,0.0,0.0,8424.0,2020-07-08
144,15290.0,0.0,0.0,8056.0,2020-07-09
145,17470.0,0.0,0.0,9130.0,2020-07-10
146,13620.0,0.0,0.0,7548.0,2020-07-11
147,13270.0,0.0,0.0,7110.0,2020-07-12
148,14530.0,0.0,0.0,7788.0,2020-07-13
149,13730.0,0.0,0.0,7610.0,2020-07-14
150,14020.0,0.0,0.0,7564.0,2020-07-15
151,14710.0,0.0,0.0,8004.0,2020-07-16
152,13976.0,0.0,0.0,7464.0,2020-07-17
153,14240.0,0.0,0.0,7652.0,2020-07-18
154,12504.0,0.0,0.0,6692.0,2020-07-19
155,14180.0,0.0,0.0,7296.0,2020-07-20
156,15416.0,0.0,0.0,7876.0,2020-07-21
157,14240.0,0.0,0.0,7564.0,2020-07-22
158,15130.0,0.0,0.0,7684.0,2020-07-23
159,14824.0,0.0,0.0,7720.0,2020-07-24
160,14160.0,0.0,0.0,7476.0,2020-07-25
161,13340.0,0.0,0.0,6924.0,2020-07-26
162,11740.0,0.0,0.0,6576.0,2020-07-27
163,14296.0,0.0,0.0,7790.0,2020-07-28
164,15176.0,0.0,0.0,8300.0,2020-07-29
165,14584.0,0.0,0.0,7836.0,2020-07-30
166,15090.0,0.0,0.0,8124.0,2020-07-31
167,14820.0,0.0,0.0,8188.0,2020-08-01
168,14700.0,0.0,0.0,7796.0,2020-08-02
169,12990.0,0.0,0.0,7250.0,2020-08-03
170,17630.0,0.0,0.0,9416.0,2020-08-04
171,14320.0,0.0,0.0,7804.0,2020-08-05
172,15920.0,0.0,0.0,8710.0,2020-08-06
173,16540.0,0.0,0.0,8910.0,2020-08-07
174,15420.0,0.0,0.0,8450.0,2020-08-08
175,12250.0,0.0,0.0,6964.0,2020-08-09
176,16200.0,0.0,0.0,8790.0,2020-08-10
177,17090.0,0.0,0.0,9224.0,2020-08-11
178,17170.0,0.0,0.0,9000.0,2020-08-12
179,16530.0,0.0,0.0,8984.0,2020-08-13
180,15290.0,0.0,0.0,8530.0,2020-08-14
181,14090.0,0.0,0.0,7850.0,2020-08-15
182,11880.0,0.0,0.0,6428.0,2020-08-16
183,14184.0,0.0,0.0,7964.0,2020-08-17
184,15090.0,0.0,0.0,8012.0,2020-08-18
185,16800.0,0.0,0.0,8536.0,2020-08-19
186,16370.0,0.0,0.0,8820.0,2020-08-20
187,16580.0,0.0,0.0,9000.0,2020-08-21
188,17070.0,0.0,0.0,8856.0,2020-08-22
189,14856.0,0.0,0.0,7736.0,2020-08-23
190,15720.0,0.0,0.0,8010.0,2020-08-24
191,15800.0,0.0,0.0,8124.0,2020-08-25
192,15740.0,0.0,0.0,8190.0,2020-08-26
193,15490.0,0.0,0.0,8076.0,2020-08-27
194,16250.0,0.0,0.0,8460.0,2020-08-28
195,17010.0,0.0,0.0,8790.0,2020-08-29
196,13020.0,0.0,0.0,6640.0,2020-08-30
197,14430.0,0.0,0.0,7692.0,2020-08-31
198,14280.0,0.0,0.0,7510.0,2020-09-01
199,12600.0,0.0,0.0,6708.0,2020-09-02
200,13650.0,0.0,0.0,7656.0,2020-09-03
201,14840.0,0.0,0.0,7852.0,2020-09-04
202,17220.0,0.0,0.0,8970.0,2020-09-05
203,16104.0,0.0,0.0,8050.0,2020-09-06
204,16450.0,0.0,0.0,8610.0,2020-09-07
205,16264.0,0.0,0.0,8500.0,2020-09-08
206,16370.0,0.0,0.0,8370.0,2020-09-09
207,15064.0,0.0,0.0,7916.0,2020-09-10
208,16104.0,0.0,0.0,8400.0,2020-09-11
209,15170.0,0.0,0.0,8070.0,2020-09-12
210,14510.0,0.0,0.0,7350.0,2020-09-13
211,15976.0,0.0,0.0,8160.0,2020-09-14
212,14200.0,0.0,0.0,7428.0,2020-09-15
213,17000.0,0.0,0.0,8904.0,2020-09-16
214,16740.0,0.0,0.0,8880.0,2020-09-17
215,17180.0,0.0,0.0,8856.0,2020-09-18
216,16830.0,0.0,0.0,8750.0,2020-09-19
217,15064.0,0.0,0.0,7868.0,2020-09-20
218,17220.0,0.0,0.0,8950.0,2020-09-21
219,17360.0,0.0,0.0,9070.0,2020-09-22
220,16184.0,0.0,0.0,8480.0,2020-09-23
221,16590.0,0.0,0.0,8776.0,2020-09-24
222,16860.0,0.0,0.0,9096.0,2020-09-25
223,17040.0,0.0,0.0,9304.0,2020-09-26
224,15300.0,0.0,0.0,7980.0,2020-09-27
225,15336.0,0.0,0.0,8096.0,2020-09-28
226,17460.0,0.0,0.0,9140.0,2020-09-29
227,16310.0,0.0,0.0,8664.0,2020-09-30
228,17680.0,0.0,0.0,9210.0,2020-10-01
229,16590.0,0.0,0.0,8616.0,2020-10-02
230,16184.0,0.0,0.0,8590.0,2020-10-03
231,12664.0,0.0,0.0,6584.0,2020-10-04
232,16700.0,0.0,0.0,8650.0,2020-10-05
233,18000.0,0.0,0.0,9550.0,2020-10-06
234,17400.0,0.0,0.0,8930.0,2020-10-07
235,16060.0,0.0,0.0,8410.0,2020-10-08
236,15496.0,0.0,0.0,8330.0,2020-10-09
237,17140.0,0.0,0.0,8840.0,2020-10-10
238,13816.0,0.0,0.0,7376.0,2020-10-11
239,17020.0,0.0,0.0,9060.0,2020-10-12
240,17380.0,0.0,0.0,8950.0,2020-10-13
241,17300.0,0.0,0.0,9200.0,2020-10-14
242,16240.0,0.0,0.0,8890.0,2020-10-15
243,17500.0,0.0,0.0,9570.0,2020-10-16
244,16700.0,0.0,0.0,9304.0,2020-10-17
245,16000.0,0.0,0.0,8536.0,2020-10-18
246,15820.0,0.0,0.0,8456.0,2020-10-19
247,16480.0,0.0,0.0,8740.0,2020-10-20
248,17200.0,0.0,0.0,9250.0,2020-10-21
249,16690.0,0.0,0.0,9020.0,2020-10-22
250,18640.0,0.0,0.0,9780.0,2020-10-23
251,17010.0,0.0,0.0,9170.0,2020-10-24
252,8680.0,0.0,0.0,4780.0,2020-10-25
253,16700.0,0.0,0.0,8730.0,2020-10-26
254,17230.0,0.0,0.0,9150.0,2020-10-27
255,17400.0,0.0,0.0,9464.0,2020-10-28
256,17390.0,0.0,0.0,9300.0,2020-10-29
257,16270.0,0.0,0.0,8664.0,2020-10-30
258,16320.0,0.0,0.0,8550.0,2020-10-31
259,10510.0,0.0,0.0,6076.0,2020-11-01
260,16880.0,0.0,0.0,8904.0,2020-11-02
261,16820.0,0.0,0.0,8950.0,2020-11-03
262,16940.0,0.0,0.0,9016.0,2020-11-04
263,16056.0,0.0,0.0,8500.0,2020-11-05
264,16130.0,0.0,0.0,8376.0,2020-11-06
265,15110.0,0.0,0.0,8068.0,2020-11-07
266,11544.0,0.0,0.0,6596.0,2020-11-08
267,17490.0,0.0,0.0,9430.0,2020-11-09
268,17380.0,0.0,0.0,9400.0,2020-11-10
269,14760.0,0.0,0.0,8092.0,2020-11-11
270,16030.0,0.0,0.0,8790.0,2020-11-12
271,17500.0,0.0,0.0,9100.0,2020-11-13
272,15210.0,0.0,0.0,7930.0,2020-11-14
273,14650.0,0.0,0.0,7850.0,2020-11-15
274,17550.0,0.0,0.0,9340.0,2020-11-16
275,16160.0,0.0,0.0,8730.0,2020-11-17
276,16190.0,0.0,0.0,8660.0,2020-11-18
277,17520.0,0.0,0.0,9120.0,2020-11-19
278,16480.0,0.0,0.0,8744.0,2020-11-20
279,15464.0,0.0,0.0,7956.0,2020-11-21
280,13736.0,0.0,0.0,7256.0,2020-11-22
281,15120.0,0.0,0.0,7948.0,2020-11-23
282,15944.0,0.0,0.0,8610.0,2020-11-24
283,16590.0,0.0,0.0,8800.0,2020-11-25
284,17710.0,0.0,0.0,9390.0,2020-11-26
285,17780.0,0.0,0.0,9320.0,2020-11-27
286,16130.0,0.0,0.0,8510.0,2020-11-28
287,14260.0,0.0,0.0,7470.0,2020-11-29
288,16310.0,0.0,0.0,8520.0,2020-11-30
289,17150.0,0.0,0.0,9224.0,2020-12-01
290,18050.0,0.0,0.0,9416.0,2020-12-02
291,16640.0,0.0,0.0,8760.0,2020-12-03
292,16860.0,0.0,0.0,8830.0,2020-12-04
293,16056.0,0.0,0.0,8610.0,2020-12-05
294,15370.0,0.0,0.0,8136.0,2020-12-06
295,16400.0,0.0,0.0,8790.0,2020-12-07
296,15380.0,0.0,0.0,8144.0,2020-12-08
297,13720.0,0.0,0.0,7356.0,2020-12-09
298,15016.0,0.0,0.0,8080.0,2020-12-10
299,14300.0,0.0,0.0,7756.0,2020-12-11
300,15430.0,0.0,0.0,8230.0,2020-12-12
301,13210.0,0.0,0.0,7124.0,2020-12-13
302,15730.0,0.0,0.0,8370.0,2020-12-14
303,16360.0,0.0,0.0,8696.0,2020-12-15
304,17390.0,0.0,0.0,9140.0,2020-12-16
305,16420.0,0.0,0.0,8664.0,2020-12-17
306,16460.0,0.0,0.0,8690.0,2020-12-18
307,16670.0,0.0,0.0,8664.0,2020-12-19
308,14930.0,0.0,0.0,7748.0,2020-12-20
309,14900.0,0.0,0.0,8024.0,2020-12-21
310,16296.0,0.0,0.0,8480.0,2020-12-22
311,16740.0,0.0,0.0,8880.0,2020-12-23
312,16880.0,0.0,0.0,9070.0,2020-12-24
313,11490.0,0.0,0.0,5916.0,2020-12-25
314,15660.0,0.0,0.0,8320.0,2020-12-26
315,16060.0,0.0,0.0,8220.0,2020-12-27
316,16320.0,0.0,0.0,8744.0,2020-12-28
317,16600.0,0.0,0.0,8664.0,2020-12-29
318,16930.0,0.0,0.0,8870.0,2020-12-30
319,13220.0,0.0,0.0,7040.0,2020-12-31
0,6456.0,0.0,0.0,3744.0,2021-01-01
1,14520.0,0.0,0.0,7760.0,2021-01-02
2,13736.0,0.0,0.0,7468.0,2021-01-03
3,14510.0,0.0,0.0,7750.0,2021-01-04
4,14490.0,0.0,0.0,7612.0,2021-01-05
5,14500.0,0.0,0.0,7524.0,2021-01-06
6,14600.0,0.0,0.0,7636.0,2021-01-07
7,14170.0,0.0,0.0,7428.0,2021-01-08
8,15050.0,0.0,0.0,8024.0,2021-01-09
9,15790.0,0.0,0.0,8584.0,2021-01-10
10,17460.0,0.0,0.0,9170.0,2021-01-11
11,18430.0,0.0,0.0,9624.0,2021-01-12
12,17230.0,0.0,0.0,9070.0,2021-01-13
13,17630.0,0.0,0.0,9140.0,2021-01-14
14,15544.0,0.0,0.0,7984.0,2021-01-15
15,10180.0,0.0,0.0,5332.0,2021-01-16
16,10130.0,0.0,0.0,5530.0,2021-01-17
17,13820.0,0.0,0.0,7280.0,2021-01-18
18,17010.0,0.0,0.0,8870.0,2021-01-19
19,16750.0,0.0,0.0,8536.0,2021-01-20
20,15530.0,0.0,0.0,8144.0,2021-01-21
21,15950.0,0.0,0.0,8616.0,2021-01-22
22,16220.0,0.0,0.0,8824.0,2021-01-23
23,13920.0,0.0,0.0,7360.0,2021-01-24
24,16010.0,0.0,0.0,8550.0,2021-01-25
25,16540.0,0.0,0.0,8700.0,2021-01-26
26,16510.0,0.0,0.0,8610.0,2021-01-27
27,17970.0,0.0,0.0,9390.0,2021-01-28
28,16830.0,0.0,0.0,8700.0,2021-01-29
29,16184.0,0.0,0.0,8424.0,2021-01-30
30,14780.0,0.0,0.0,7590.0,2021-01-31
31,15640.0,0.0,0.0,8148.0,2021-02-01
32,17020.0,0.0,0.0,8984.0,2021-02-02
33,16880.0,0.0,0.0,8740.0,2021-02-03
34,16340.0,0.0,0.0,8590.0,2021-02-04
35,16010.0,0.0,0.0,8330.0,2021-02-05
36,16210.0,0.0,0.0,8400.0,2021-02-06
37,15340.0,0.0,0.0,7916.0,2021-02-07
38,16750.0,0.0,0.0,8690.0,2021-02-08
39,16040.0,0.0,0.0,8410.0,2021-02-09
40,16930.0,0.0,0.0,8776.0,2021-02-10
41,15790.0,0.0,0.0,8124.0,2021-02-11
42,17330.0,0.0,0.0,8776.0,2021-02-12
43,15490.0,0.0,0.0,8044.0,2021-02-13
44,15070.0,0.0,0.0,7820.0,2021-02-14
45,17660.0,0.0,0.0,9170.0,2021-02-15
46,15610.0,0.0,0.0,8220.0,2021-02-16
47,17230.0,0.0,0.0,8900.0,2021-02-17
48,17980.0,0.0,0.0,9240.0,2021-02-18
49,17360.0,0.0,0.0,8910.0,2021-02-19
50,16850.0,0.0,0.0,8680.0,2021-02-20
51,12060.0,0.0,0.0,6216.0,2021-02-21
52,17140.0,0.0,0.0,8776.0,2021-02-22
53,15950.0,0.0,0.0,8560.0,2021-02-23
54,18050.0,0.0,0.0,9380.0,2021-02-24
55,16590.0,0.0,0.0,8856.0,2021-02-25
56,18190.0,0.0,0.0,9260.0,2021-02-26
57,16640.0,0.0,0.0,8580.0,2021-02-27
58,13000.0,0.0,0.0,6940.0,2021-02-28
59,15160.0,0.0,0.0,7908.0,2021-03-01
60,15496.0,0.0,0.0,8270.0,2021-03-02
61,17230.0,0.0,0.0,8950.0,2021-03-03
62,17980.0,0.0,0.0,9090.0,2021-03-04
63,16540.0,0.0,0.0,8560.0,2021-03-05
64,17250.0,0.0,0.0,9030.0,2021-03-06
65,11720.0,0.0,0.0,6224.0,2021-03-07
66,16930.0,0.0,0.0,8750.0,2021-03-08
67,16800.0,0.0,0.0,8584.0,2021-03-09
68,16690.0,0.0,0.0,8504.0,2021-03-10
69,15600.0,0.0,0.0,8084.0,2021-03-11
70,15960.0,0.0,0.0,8092.0,2021-03-12
71,16500.0,0.0,0.0,8340.0,2021-03-13
72,12760.0,0.0,0.0,6320.0,2021-03-14
73,15740.0,0.0,0.0,7772.0,2021-03-15
74,16150.0,0.0,0.0,8210.0,2021-03-16
75,16430.0,0.0,0.0,8330.0,2021-03-17
76,16250.0,0.0,0.0,8296.0,2021-03-18
77,16510.0,0.0,0.0,8420.0,2021-03-19
78,16310.0,0.0,0.0,8540.0,2021-03-20
79,12770.0,0.0,0.0,6572.0,2021-03-21
80,15920.0,0.0,0.0,8060.0,2021-03-22
81,16910.0,0.0,0.0,8620.0,2021-03-23
82,16960.0,0.0,0.0,8670.0,2021-03-24
83,17900.0,0.0,0.0,9230.0,2021-03-25
84,17060.0,0.0,0.0,8960.0,2021-03-26
85,17600.0,0.0,0.0,9020.0,2021-03-27
86,13704.0,0.0,0.0,7110.0,2021-03-28
87,17260.0,0.0,0.0,8830.0,2021-03-29
88,17810.0,0.0,0.0,9020.0,2021-03-30
89,18900.0,0.0,0.0,9500.0,2021-03-31
90,16960.0,0.0,0.0,8710.0,2021-04-01
91,16830.0,0.0,0.0,8616.0,2021-04-02
92,17180.0,0.0,0.0,8710.0,2021-04-03
93,14520.0,0.0,0.0,8616.0,2021-04-04
94,18320.0,0.0,0.0,6988.0,2021-04-05
95,15850.0,0.0,0.0,4896.0,2021-04-06
96,14984.0,0.0,0.0,7350.0,2021-04-07
97,17400.0,0.0,0.0,8330.0,2021-04-08
98,17540.0,0.0,0.0,8080.0,2021-04-09
99,18060.0,0.0,0.0,8860.0,2021-04-10
100,13570.0,0.0,0.0,8970.0,2021-04-11
101,16184.0,0.0,0.0,8990.0,2021-04-12
102,17340.0,0.0,0.0,6388.0,2021-04-13
103,15940.0,0.0,0.0,5670.0,2021-04-14
104,16670.0,0.0,0.0,6016.0,2021-04-15
105,17340.0,0.0,0.0,5610.0,2021-04-16
106,15960.0,0.0,0.0,5716.0,2021-04-17
107,13010.0,0.0,0.0,5904.0,2021-04-18
108,16740.0,0.0,0.0,5624.0,2021-04-19
109,17900.0,0.0,0.0,4510.0,2021-04-20
110,17220.0,0.0,0.0,5772.0,2021-04-21
111,17570.0,0.0,0.0,6212.0,2021-04-22
112,16530.0,0.0,0.0,5920.0,2021-04-23
113,18580.0,0.0,0.0,6050.0,2021-04-24
114,14536.0,0.0,0.0,5704.0,2021-04-25
115,18000.0,0.0,0.0,6132.0,2021-04-26
116,16980.0,0.0,0.0,5030.0,2021-04-27
117,18080.0,0.0,0.0,6116.0,2021-04-28
118,19120.0,0.0,0.0,5756.0,2021-04-29
119,18220.0,0.0,0.0,6010.0,2021-04-30
120,16850.0,0.0,0.0,5496.0,2021-05-01
121,15370.0,0.0,0.0,5124.0,2021-05-02
122,16460.0,0.0,0.0,5492.0,2021-05-03
123,16880.0,0.0,0.0,5656.0,2021-05-04
124,17340.0,0.0,0.0,5784.0,2021-05-05
125,15970.0,0.0,0.0,5388.0,2021-05-06
126,17020.0,0.0,0.0,5670.0,2021-05-07
127,18400.0,0.0,0.0,6012.0,2021-05-08
128,15576.0,0.0,0.0,5290.0,2021-05-09
129,17390.0,0.0,0.0,5930.0,2021-05-10
130,17940.0,0.0,0.0,6224.0,2021-05-11
131,19730.0,0.0,0.0,6790.0,2021-05-12
132,17710.0,0.0,0.0,6076.0,2021-05-13
133,19100.0,0.0,0.0,6468.0,2021-05-14
134,18080.0,0.0,0.0,6090.0,2021-05-15
135,14504.0,0.0,0.0,4956.0,2021-05-16
136,17520.0,0.0,0.0,5864.0,2021-05-17
137,18050.0,0.0,0.0,6040.0,2021-05-18
138,17970.0,0.0,0.0,5990.0,2021-05-19
139,16620.0,0.0,0.0,5716.0,2021-05-20
140,18190.0,0.0,0.0,6280.0,2021-05-21
141,15280.0,0.0,0.0,5460.0,2021-05-22
142,7360.0,0.0,0.0,3426.0,2021-05-23
143,17870.0,0.0,0.0,8730.0,2021-05-24
144,17040.0,0.0,0.0,9200.0,2021-05-25
145,15624.0,0.0,0.0,9016.0,2021-05-26
146,18740.0,0.0,0.0,9304.0,2021-05-27
147,15710.0,0.0,0.0,7424.0,2021-05-28
148,17330.0,0.0,0.0,8250.0,2021-05-29
149,15120.0,0.0,0.0,7220.0,2021-05-30
150,17620.0,0.0,0.0,8720.0,2021-05-31
151,17260.0,0.0,0.0,8750.0,2021-06-01
152,18100.0,0.0,0.0,9110.0,2021-06-02
153,18560.0,0.0,0.0,9240.0,2021-06-03
154,16420.0,0.0,0.0,8410.0,2021-06-04
155,17100.0,0.0,0.0,8580.0,2021-06-05
156,10540.0,0.0,0.0,5864.0,2021-06-06
157,17280.0,0.0,0.0,8870.0,2021-06-07
158,18600.0,0.0,0.0,9340.0,2021-06-08
159,18110.0,0.0,0.0,9110.0,2021-06-09
160,18720.0,0.0,0.0,9230.0,2021-06-10
161,18240.0,0.0,0.0,9256.0,2021-06-11
162,18100.0,0.0,0.0,9460.0,2021-06-12
163,16960.0,0.0,0.0,8570.0,2021-06-13
164,17570.0,0.0,0.0,9020.0,2021-06-14
165,17420.0,0.0,0.0,9080.0,2021-06-15
166,19230.0,0.0,0.0,9670.0,2021-06-16
167,20830.0,0.0,0.0,10260.0,2021-06-17
168,18430.0,0.0,0.0,9220.0,2021-06-18
169,19780.0,0.0,0.0,9650.0,2021-06-19
170,14630.0,0.0,0.0,7350.0,2021-06-20
171,18940.0,0.0,0.0,9180.0,2021-06-21
172,18350.0,0.0,0.0,9360.0,2021-06-22
173,18320.0,0.0,0.0,8920.0,2021-06-23
174,20160.0,0.0,0.0,9430.0,2021-06-24
175,17580.0,0.0,0.0,8616.0,2021-06-25
176,19310.0,0.0,0.0,9400.0,2021-06-26
177,11920.0,0.0,0.0,6420.0,2021-06-27
178,20270.0,0.0,0.0,9880.0,2021-06-28
179,18800.0,0.0,0.0,9320.0,2021-06-29
180,18820.0,0.0,0.0,9060.0,2021-06-30
181,18020.0,0.0,0.0,8790.0,2021-07-01
182,16250.0,0.0,0.0,8330.0,2021-07-02
183,16350.0,0.0,0.0,8216.0,2021-07-03
184,11096.0,0.0,0.0,6036.0,2021-07-04
185,18180.0,0.0,0.0,9256.0,2021-07-05
186,20540.0,0.0,0.0,10024.0,2021-07-06
187,19060.0,0.0,0.0,9470.0,2021-07-07
188,18140.0,0.0,0.0,9700.0,2021-07-08
189,17600.0,0.0,0.0,9480.0,2021-07-09
190,16750.0,0.0,0.0,9496.0,2021-07-10
191,12810.0,1.2,0.0,7470.0,2021-07-11
192,17400.0,0.0,0.0,9360.0,2021-07-12
193,17000.0,0.0,0.0,9224.0,2021-07-13
194,16400.0,0.0,0.0,8970.0,2021-07-14
195,16960.0,0.0,0.0,9290.0,2021-07-15
196,15760.0,0.0,0.0,9040.0,2021-07-16
197,16740.0,0.0,0.0,9270.0,2021-07-17
198,12000.0,0.6,0.0,7400.0,2021-07-18
199,17040.0,0.0,0.0,9150.0,2021-07-19
200,16600.0,0.0,0.0,9560.0,2021-07-20
201,17250.0,0.0,0.0,9304.0,2021-07-21
202,15660.0,0.0,0.0,8630.0,2021-07-22
203,16100.0,0.0,0.0,9170.0,2021-07-23
204,16940.0,0.0,0.0,8930.0,2021-07-24
205,12504.0,1.0,0.0,7116.0,2021-07-25
206,17970.0,0.0,0.0,9620.0,2021-07-26
207,16120.0,0.0,0.0,8820.0,2021-07-27
208,17550.0,0.0,0.0,9420.0,2021-07-28
209,16640.0,0.0,0.0,9490.0,2021-07-29
210,16690.0,0.0,0.0,9416.0,2021-07-30
211,16900.0,0.0,0.0,9720.0,2021-07-31
212,11016.0,0.0,0.0,6950.0,2021-08-01
213,17120.0,0.0,0.0,9240.0,2021-08-02
214,17090.0,0.0,0.0,9280.0,2021-08-03
215,14920.0,0.0,0.0,8710.0,2021-08-04
216,16420.0,0.0,0.0,9410.0,2021-08-05
217,15090.0,0.0,0.0,8860.0,2021-08-06
218,18620.0,0.0,0.0,10104.0,2021-08-07
219,13300.0,2.2,0.0,7950.0,2021-08-08
220,18160.0,0.0,0.0,9780.0,2021-08-09
221,17420.0,0.0,0.0,9250.0,2021-08-10
222,16240.0,0.0,0.0,9224.0,2021-08-11
223,19000.0,0.0,0.0,9930.0,2021-08-12
224,18130.0,0.0,0.0,9816.0,2021-08-13
225,18000.0,0.0,0.0,9270.0,2021-08-14
226,14920.0,0.0,0.0,7836.0,2021-08-15
227,17060.0,0.0,0.0,9120.0,2021-08-16
228,15860.0,0.0,0.0,8820.0,2021-08-17
229,17740.0,0.0,0.0,9250.0,2021-08-18
230,16930.0,0.0,0.0,8984.0,2021-08-19
231,18000.0,0.0,0.0,9016.0,2021-08-20
232,16780.0,0.0,0.0,9170.0,2021-08-21
233,11144.0,1.6,0.0,7316.0,2021-08-22
234,16264.0,0.0,0.0,8856.0,2021-08-23
235,17580.0,0.0,0.0,9180.0,2021-08-24
236,18900.0,0.0,0.0,9656.0,2021-08-25
237,17000.0,0.0,0.0,8856.0,2021-08-26
238,17420.0,0.0,0.0,9064.0,2021-08-27
239,18780.0,0.0,0.0,9460.0,2021-08-28
240,15290.0,0.0,0.0,8460.0,2021-08-29
241,16430.0,0.0,0.0,8510.0,2021-08-30
242,18940.0,0.0,0.0,9144.0,2021-08-31
243,13680.0,0.0,0.0,7970.0,2021-09-01
244,16020.0,0.0,0.0,9270.0,2021-09-02
245,15740.0,0.0,0.0,9200.0,2021-09-03
246,16800.0,0.0,0.0,9240.0,2021-09-04
247,12696.0,3.6,0.0,7376.0,2021-09-05
248,17380.0,0.0,0.0,8904.0,2021-09-06
249,17000.0,0.0,0.0,9170.0,2021-09-07
250,16750.0,0.0,0.0,8880.0,2021-09-08
251,16600.0,0.0,0.0,9120.0,2021-09-09
252,15670.0,0.0,0.0,8880.0,2021-09-10
253,17630.0,0.0,0.0,9270.0,2021-09-11
254,15360.0,0.2,0.0,8344.0,2021-09-12
255,15920.0,0.0,0.0,8690.0,2021-09-13
256,16500.0,0.0,0.0,9040.0,2021-09-14
257,16540.0,0.0,0.0,9220.0,2021-09-15
258,17820.0,0.0,0.0,9800.0,2021-09-16
259,15464.0,0.0,0.0,8856.0,2021-09-17
260,18290.0,0.0,0.0,10000.0,2021-09-18
261,10070.0,7.4,0.0,7020.0,2021-09-19
262,17140.0,0.0,0.0,9120.0,2021-09-20
263,17650.0,0.0,0.0,9290.0,2021-09-21
264,17040.0,0.0,0.0,8860.0,2021-09-22
265,18220.0,0.0,0.0,9100.0,2021-09-23
266,15520.0,0.0,0.0,8376.0,2021-09-24
267,15040.0,0.0,0.0,8616.0,2021-09-25
268,13110.0,0.0,0.0,7450.0,2021-09-26
269,16216.0,0.0,0.0,8810.0,2021-09-27
270,19840.0,0.0,0.0,9530.0,2021-09-28
271,17280.0,0.0,0.0,8850.0,2021-09-29
272,17180.0,0.0,0.0,8550.0,2021-09-30
273,16000.0,0.0,0.0,8530.0,2021-10-01
274,16830.0,0.0,0.0,8480.0,2021-10-02
275,9500.0,72.4,0.0,6670.0,2021-10-03
276,17150.0,0.0,0.0,8810.0,2021-10-04
277,15250.0,0.0,0.0,8584.0,2021-10-05
278,16910.0,0.0,0.0,9570.0,2021-10-06
279,17760.0,0.0,0.0,9490.0,2021-10-07
280,17490.0,0.0,0.0,9290.0,2021-10-08
281,17040.0,0.0,0.0,8370.0,2021-10-09
282,10900.0,16.8,0.0,6944.0,2021-10-10
283,18930.0,0.0,0.0,9090.0,2021-10-11
284,16860.0,0.0,0.0,8790.0,2021-10-12
285,16280.0,0.0,0.0,8400.0,2021-10-13
286,15900.0,0.0,0.0,8296.0,2021-10-14
287,16880.0,0.0,0.0,8820.0,2021-10-15
288,15710.0,0.0,0.0,8264.0,2021-10-16
289,10740.0,24.8,0.0,6590.0,2021-10-17
290,15880.0,0.0,0.0,8744.0,2021-10-18
291,14760.0,0.0,0.0,8480.0,2021-10-19
292,14616.0,0.0,0.0,8180.0,2021-10-20
293,16850.0,0.0,0.0,8370.0,2021-10-21
294,17660.0,0.0,0.0,9096.0,2021-10-22
295,18240.0,0.0,0.0,8856.0,2021-10-23
296,8670.0,0.2,0.0,4450.0,2021-10-24
297,18200.0,0.0,0.0,9224.0,2021-10-25
298,17340.0,0.0,0.0,9060.0,2021-10-26
299,17820.0,0.0,0.0,9260.0,2021-10-27
300,17730.0,0.0,0.0,9360.0,2021-10-28
301,16460.0,0.0,0.0,8310.0,2021-10-29
302,17260.0,0.0,0.0,8380.0,2021-10-30
303,14264.0,0.0,0.0,7296.0,2021-10-31
304,17230.0,0.0,0.0,8480.0,2021-11-01
305,18740.0,0.0,0.0,9220.0,2021-11-02
306,18370.0,0.0,0.0,9530.0,2021-11-03
307,17230.0,0.0,0.0,8910.0,2021-11-04
308,15630.0,0.0,0.0,8300.0,2021-11-05
309,15260.0,0.0,0.0,8344.0,2021-11-06
310,14790.0,0.0,0.0,7500.0,2021-11-07
311,18370.0,0.0,0.0,8900.0,2021-11-08
312,14910.0,0.0,0.0,8264.0,2021-11-09
313,19260.0,0.0,0.0,9360.0,2021-11-10
314,16830.0,0.0,0.0,8690.0,2021-11-11
315,17260.0,0.0,0.0,8930.0,2021-11-12
316,16900.0,0.0,0.0,8920.0,2021-11-13
317,14830.0,0.0,0.0,7544.0,2021-11-14
318,18460.0,0.0,0.0,8950.0,2021-11-15
319,17020.0,0.0,0.0,8680.0,2021-11-16
320,17000.0,0.0,0.0,8550.0,2021-11-17
321,16690.0,0.0,0.0,8600.0,2021-11-18
322,15530.0,0.0,0.0,8036.0,2021-11-19
323,16170.0,0.0,0.0,7892.0,2021-11-20
324,11270.0,4.6,0.0,6828.0,2021-11-21
325,17940.0,0.0,0.0,8590.0,2021-11-22
326,18780.0,0.0,0.0,9010.0,2021-11-23
327,17760.0,0.0,0.0,9080.0,2021-11-24
328,17680.0,0.0,0.0,8940.0,2021-11-25
329,14870.0,0.0,0.0,8380.0,2021-11-26
330,16590.0,0.0,0.0,8530.0,2021-11-27
331,14264.0,0.0,0.0,7696.0,2021-11-28
332,15320.0,0.0,0.0,7828.0,2021-11-29
333,16250.0,0.0,0.0,8036.0,2021-11-30
334,15600.0,0.0,0.0,8360.0,2021-12-01
335,16050.0,0.0,0.0,8140.0,2021-12-02
336,15910.0,0.0,0.0,8052.0,2021-12-03
337,13900.0,0.0,0.0,7852.0,2021-12-04
338,10820.0,7.2,0.0,6360.0,2021-12-05
339,18480.0,0.0,0.0,9100.0,2021-12-06
340,15200.0,0.0,0.0,8824.0,2021-12-07
341,13150.0,0.0,0.0,7760.0,2021-12-08
342,15190.0,0.0,0.0,8490.0,2021-12-09
343,18110.0,0.0,0.0,8950.0,2021-12-10
344,17870.0,0.0,0.0,8380.0,2021-12-11
345,16030.0,0.0,0.0,7724.0,2021-12-12
346,16380.0,0.0,0.0,8590.0,2021-12-13
347,20050.0,0.0,0.0,9576.0,2021-12-14
348,17340.0,0.0,0.0,8132.0,2021-12-15
349,17760.0,0.0,0.0,8744.0,2021-12-16
350,20300.0,0.0,0.0,9210.0,2021-12-17
351,18240.0,0.0,0.0,8480.0,2021-12-18
352,16290.0,0.0,0.0,7316.0,2021-12-19
353,17260.0,0.0,0.0,8680.0,2021-12-20
354,18750.0,0.0,0.0,8850.0,2021-12-21
355,16340.0,0.0,0.0,8540.0,2021-12-22
356,17460.0,0.0,0.0,9100.0,2021-12-23
357,16800.0,0.0,0.0,8470.0,2021-12-24
358,9096.0,37.6,0.0,5716.0,2021-12-25
359,17870.0,0.0,0.0,8820.0,2021-12-26
360,17950.0,0.0,0.0,8740.0,2021-12-27
361,18080.0,0.0,0.0,8910.0,2021-12-28
362,17900.0,0.0,0.0,8536.0,2021-12-29
363,17860.0,0.0,0.0,9050.0,2021-12-30
364,15980.0,0.0,0.0,8076.0,2021-12-31
0,9810.0,29.2,0.0,5716.0,2022-01-01
1,17520.0,0.0,0.0,8560.0,2022-01-02
2,15736.0,0.0,0.0,8520.0,2022-01-03
3,15840.0,0.0,0.0,8400.0,2022-01-04
4,17840.0,0.0,0.0,8880.0,2022-01-05
5,16300.0,0.0,0.0,8310.0,2022-01-06
6,18320.0,0.0,0.0,8780.0,2022-01-07
7,16310.0,0.0,0.0,8044.0,2022-01-08
8,14630.0,0.0,0.0,7324.0,2022-01-09
9,18660.0,0.0,0.0,8776.0,2022-01-10
10,18300.0,0.0,0.0,8740.0,2022-01-11
11,17170.0,0.0,0.0,8740.0,2022-01-12
12,18900.0,0.0,0.0,8904.0,2022-01-13
13,14180.0,0.0,0.0,7810.0,2022-01-14
14,14430.0,0.0,0.0,7620.0,2022-01-15
15,9690.0,36.0,0.0,6508.0,2022-01-16
16,15980.0,0.0,0.0,7956.0,2022-01-17
17,17580.0,0.0,0.0,8132.0,2022-01-18
18,16120.0,0.0,0.0,8350.0,2022-01-19
19,17840.0,0.0,0.0,9130.0,2022-01-20
20,16980.0,0.0,0.0,8660.0,2022-01-21
21,18380.0,0.0,0.0,8750.0,2022-01-22
22,13540.0,5.8,0.0,6988.0,2022-01-23
23,15960.0,0.0,0.0,8012.0,2022-01-24
24,19200.0,0.0,0.0,8940.0,2022-01-25
25,14820.0,0.0,0.0,8004.0,2022-01-26
26,18900.0,0.0,0.0,9180.0,2022-01-27
27,15800.0,0.0,0.0,8430.0,2022-01-28
28,14456.0,0.0,0.0,8140.0,2022-01-29
29,12830.0,0.6,0.0,7020.0,2022-01-30
30,15550.0,0.0,0.0,8050.0,2022-01-31
31,16050.0,0.0,0.0,8216.0,2022-02-01
32,15816.0,0.0,0.0,8264.0,2022-02-02
33,16530.0,0.0,0.0,8830.0,2022-02-03
34,17920.0,0.0,0.0,8880.0,2022-02-04
35,16930.0,0.0,0.0,8504.0,2022-02-05
36,15180.0,0.0,0.0,7304.0,2022-02-06
37,16510.0,0.0,0.0,8100.0,2022-02-07
38,17740.0,0.0,0.0,8760.0,2022-02-08
39,19060.0,0.0,0.0,8900.0,2022-02-09
40,18050.0,0.0,0.0,8760.0,2022-02-10
41,15290.0,0.0,0.0,8216.0,2022-02-11
42,16670.0,0.0,0.0,8530.0,2022-02-12
43,15710.0,0.0,0.0,7616.0,2022-02-13
44,17180.0,0.0,0.0,8500.0,2022-02-14
45,17680.0,0.0,0.0,8380.0,2022-02-15
46,16370.0,0.0,0.0,8240.0,2022-02-16
47,18690.0,0.0,0.0,9096.0,2022-02-17
48,18560.0,0.0,0.0,8790.0,2022-02-18
49,16670.0,0.0,0.0,8260.0,2022-02-19
50,14780.0,0.0,0.0,6870.0,2022-02-20
51,18320.0,0.0,0.0,8910.0,2022-02-21
52,17600.0,0.0,0.0,8860.0,2022-02-22
53,16820.0,0.0,0.0,8460.0,2022-02-23
54,16560.0,0.0,0.0,8376.0,2022-02-24
55,17520.0,0.0,0.0,8600.0,2022-02-25
56,16230.0,0.0,0.0,7850.0,2022-02-26
57,13680.0,0.0,0.0,6756.0,2022-02-27
58,18050.0,0.0,0.0,8730.0,2022-02-28
59,17740.0,0.0,0.0,8950.0,2022-03-01
60,18750.0,0.0,0.0,8820.0,2022-03-02
61,17330.0,0.0,0.0,9070.0,2022-03-03
62,19120.0,0.0,0.0,9330.0,2022-03-04
63,17170.0,0.0,0.0,8296.0,2022-03-05
64,15016.0,0.0,0.0,6772.0,2022-03-06
65,16960.0,0.0,0.0,8584.0,2022-03-07
66,16460.0,0.0,0.0,8480.0,2022-03-08
67,18420.0,0.0,0.0,9030.0,2022-03-09
68,17650.0,0.0,0.0,9200.0,2022-03-10
69,17920.0,0.0,0.0,9210.0,2022-03-11
70,15360.0,0.0,0.0,8450.0,2022-03-12
71,14310.0,4.2,0.0,7440.0,2022-03-13
72,16100.0,0.0,0.0,8640.0,2022-03-14
73,17070.0,0.0,0.0,8984.0,2022-03-15
74,17780.0,0.0,0.0,9280.0,2022-03-16
75,17070.0,0.0,0.0,9450.0,2022-03-17
76,19400.0,0.0,0.0,9850.0,2022-03-18
77,16690.0,0.0,0.0,9360.0,2022-03-19
78,13304.0,0.0,0.0,7520.0,2022-03-20
79,6180.0,0.0,0.0,3332.0,2022-03-21
80,15900.0,0.0,0.0,8696.0,2022-03-22
81,16980.0,0.0,0.0,8840.0,2022-03-23
82,18240.0,0.0,0.0,9190.0,2022-03-24
83,19340.0,0.0,0.0,8840.0,2022-03-25
84,17660.0,0.0,0.0,8550.0,2022-03-26
85,16250.0,0.0,0.0,7470.0,2022-03-27
86,17600.0,0.0,0.0,8880.0,2022-03-28
87,19120.0,0.0,0.0,9190.0,2022-03-29
88,17860.0,0.0,0.0,8700.0,2022-03-30
89,19170.0,0.0,0.0,9260.0,2022-03-31
90,18620.0,0.0,0.0,9016.0,2022-04-01
91,16500.0,0.0,0.0,8220.0,2022-04-02
92,16910.0,0.0,0.0,7732.0,2022-04-03
93,18770.0,0.0,0.0,9090.0,2022-04-04
94,18940.0,0.0,0.0,9460.0,2022-04-05
95,19680.0,0.0,0.0,9640.0,2022-04-06
96,17570.0,0.0,0.0,8950.0,2022-04-07
97,17070.0,0.0,0.0,9064.0,2022-04-08
98,18740.0,0.0,0.0,9470.0,2022-04-09
99,8936.0,9.2,0.0,5044.0,2022-04-10
100,15740.0,0.0,0.0,8200.0,2022-04-11
101,19340.0,0.0,0.0,9540.0,2022-04-12
102,19100.0,0.0,0.0,9180.0,2022-04-13
103,17570.0,0.0,0.0,9790.0,2022-04-14
104,18370.0,0.0,0.0,9304.0,2022-04-15
105,18770.0,0.0,0.0,9200.0,2022-04-16
106,17740.0,0.0,0.0,9030.0,2022-04-17
107,20910.0,0.0,0.0,9704.0,2022-04-18
108,19730.0,0.0,0.0,9570.0,2022-04-19
109,18580.0,0.0,0.0,9190.0,2022-04-20
110,18700.0,0.0,0.0,9250.0,2022-04-21
111,19420.0,0.0,0.0,8990.0,2022-04-22
112,18990.0,0.0,0.0,9340.0,2022-04-23
113,15610.0,0.0,0.0,7988.0,2022-04-24
114,19330.0,0.0,0.0,8970.0,2022-04-25
115,18480.0,0.0,0.0,9176.0,2022-04-26
116,18160.0,0.0,0.0,8770.0,2022-04-27
117,18290.0,0.0,0.0,9080.0,2022-04-28
118,18460.0,0.0,0.0,9750.0,2022-04-29
119,18720.0,0.0,0.0,10150.0,2022-04-30
120,14090.0,0.0,0.0,7670.0,2022-05-01
121,18980.0,0.0,0.0,9140.0,2022-05-02
122,19580.0,0.0,0.0,9624.0,2022-05-03
123,18240.0,0.0,0.0,9490.0,2022-05-04
124,18450.0,0.0,0.0,9370.0,2022-05-05
125,18510.0,0.0,0.0,9330.0,2022-05-06
126,15210.0,0.0,0.0,7996.0,2022-05-07
127,13880.0,0.0,0.0,8148.0,2022-05-08
128,18460.0,0.0,0.0,9420.0,2022-05-09
129,19730.0,0.0,0.0,9690.0,2022-05-10
130,19000.0,0.0,0.0,9380.0,2022-05-11
131,19940.0,0.0,0.0,10000.0,2022-05-12
132,17860.0,0.0,0.0,9390.0,2022-05-13
133,18080.0,0.0,0.0,9624.0,2022-05-14
134,14130.0,0.0,0.0,8200.0,2022-05-15
135,17710.0,0.0,0.0,9410.0,2022-05-16
136,20350.0,0.0,0.0,10680.0,2022-05-17
137,19800.0,0.0,0.0,10290.0,2022-05-18
138,16740.0,0.0,0.0,8980.0,2022-05-19
139,17470.0,0.0,0.0,9110.0,2022-05-20
140,18510.0,0.0,0.0,9256.0,2022-05-21
141,12040.0,10.2,0.0,7300.0,2022-05-22
142,16420.0,0.0,0.0,8664.0,2022-05-23
143,15940.0,0.0,0.0,9040.0,2022-05-24
144,18820.0,0.0,0.0,9816.0,2022-05-25
145,18560.0,0.0,0.0,9580.0,2022-05-26
146,17820.0,0.0,0.0,9470.0,2022-05-27
147,17460.0,0.0,0.0,9064.0,2022-05-28
148,14950.0,0.0,0.0,7770.0,2022-05-29
149,18260.0,0.0,0.0,9140.0,2022-05-30
150,18910.0,0.0,0.0,9550.0,2022-05-31
151,16660.0,0.0,0.0,9320.0,2022-06-01
152,18850.0,0.0,0.0,9400.0,2022-06-02
153,18080.0,0.0,0.0,9016.0,2022-06-03
154,18480.0,0.0,0.0,8856.0,2022-06-04
155,15910.0,0.0,0.0,7684.0,2022-06-05
156,18140.0,0.0,0.0,9170.0,2022-06-06
157,16910.0,0.0,0.0,8376.0,2022-06-07
158,17460.0,0.0,0.0,9240.0,2022-06-08
159,18850.0,0.0,0.0,9330.0,2022-06-09
160,16690.0,0.0,0.0,8680.0,2022-06-10
161,18320.0,0.0,0.0,8830.0,2022-06-11
162,14584.0,22.8,0.0,8056.0,2022-06-12
163,17870.0,0.0,0.0,8980.0,2022-06-13
164,16910.0,0.0,0.0,8590.0,2022-06-14
165,16220.0,0.0,0.0,9064.0,2022-06-15
166,18100.0,0.0,0.0,9310.0,2022-06-16
167,17570.0,0.0,0.0,9160.0,2022-06-17
168,14296.0,2.4,0.0,7844.0,2022-06-18
169,16150.0,0.4,0.0,8068.0,2022-06-19
170,16800.0,0.0,0.0,8440.0,2022-06-20
171,17010.0,0.0,0.0,8680.0,2022-06-21
172,17070.0,0.0,0.0,9240.0,2022-06-22
173,16720.0,0.0,0.0,9120.0,2022-06-23
174,17340.0,0.0,0.0,8760.0,2022-06-24
175,17900.0,0.0,0.0,9144.0,2022-06-25
176,10810.0,51.0,0.0,6216.0,2022-06-26
177,18560.0,0.0,0.0,8840.0,2022-06-27
178,18160.0,0.0,0.0,9210.0,2022-06-28
179,14280.0,0.0,0.0,8220.0,2022-06-29
180,17150.0,0.0,0.0,8920.0,2022-06-30
181,17600.0,0.0,0.0,9000.0,2022-07-01
182,18000.0,0.0,0.0,9140.0,2022-07-02
183,12856.0,1.2,0.0,7816.0,2022-07-03
184,16860.0,0.0,0.0,8456.0,2022-07-04
185,18240.0,0.0,0.0,9260.0,2022-07-05
186,18000.0,0.0,0.0,9050.0,2022-07-06
187,16640.0,0.0,0.0,8696.0,2022-07-07
188,14810.0,0.0,0.0,8424.0,2022-07-08
189,17070.0,0.0,0.0,8980.0,2022-07-09
190,16130.0,0.0,0.0,8260.0,2022-07-10
191,18480.0,0.0,0.0,9270.0,2022-07-11
192,17100.0,0.0,0.0,8960.0,2022-07-12
193,15850.0,0.0,0.0,8840.0,2022-07-13
194,17400.0,0.0,0.0,8630.0,2022-07-14
195,16540.0,0.0,0.0,9080.0,2022-07-15
196,16590.0,0.0,0.0,9070.0,2022-07-16
197,15380.0,0.0,0.0,8390.0,2022-07-17
198,17500.0,0.0,0.0,9230.0,2022-07-18
199,18260.0,0.0,0.0,9390.0,2022-07-19
200,17840.0,0.0,0.0,9464.0,2022-07-20
201,17360.0,0.0,0.0,9420.0,2022-07-21
202,11496.0,0.0,0.0,6156.0,2022-07-22
203,19580.0,0.0,0.0,9464.0,2022-07-23
204,16830.0,0.0,0.0,8620.0,2022-07-24
205,19020.0,0.0,0.0,9510.0,2022-07-25
206,17780.0,0.0,0.0,9210.0,2022-07-26
207,17230.0,0.0,0.0,9220.0,2022-07-27
208,18200.0,0.0,0.0,9440.0,2022-07-28
209,19260.0,0.0,0.0,9864.0,2022-07-29
210,16960.0,0.0,0.0,9380.0,2022-07-30
211,17220.0,0.0,0.0,8840.0,2022-07-31
212,17680.0,0.0,0.0,9944.0,2022-08-01
213,18690.0,0.0,0.0,10390.0,2022-08-02
214,17520.0,0.0,0.0,9560.0,2022-08-03
215,16740.0,0.0,0.0,9240.0,2022-08-04
216,19780.0,0.0,0.0,10030.0,2022-08-05
217,18660.0,0.0,0.0,9730.0,2022-08-06
218,16590.0,0.0,0.0,8670.0,2022-08-07
219,16500.0,0.0,0.0,9360.0,2022-08-08
220,17860.0,0.0,0.0,9310.0,2022-08-09
221,16056.0,0.0,0.0,9180.0,2022-08-10
222,17170.0,0.0,0.0,9550.0,2022-08-11
223,17940.0,0.0,0.0,9624.0,2022-08-12
224,19150.0,0.0,0.0,9740.0,2022-08-13
225,16750.0,0.0,0.0,9260.0,2022-08-14
226,18020.0,0.0,0.0,9590.0,2022-08-15
227,20780.0,0.0,0.0,10136.0,2022-08-16
228,15710.0,0.0,0.0,9496.0,2022-08-17
229,16580.0,0.0,0.0,9400.0,2022-08-18
230,18080.0,0.0,0.0,9910.0,2022-08-19
231,16330.0,0.0,0.0,9330.0,2022-08-20
232,14900.0,0.0,0.0,8430.0,2022-08-21
233,17700.0,0.0,0.0,9140.0,2022-08-22
234,17000.0,0.0,0.0,9410.0,2022-08-23
235,18320.0,0.0,0.0,9760.0,2022-08-24
236,19100.0,0.0,0.0,10104.0,2022-08-25
237,18500.0,0.0,0.0,9650.0,2022-08-26
238,19400.0,0.0,0.0,9580.0,2022-08-27
239,14470.0,0.0,0.0,8030.0,2022-08-28
240,18480.0,0.0,0.0,9570.0,2022-08-29
241,17120.0,0.0,0.0,9570.0,2022-08-30
242,19120.0,0.0,0.0,9970.0,2022-08-31
243,20420.0,0.0,0.0,9970.0,2022-09-01
244,18050.0,0.0,0.0,9820.0,2022-09-02
245,17340.0,0.0,0.0,9360.0,2022-09-03
246,15270.0,0.0,0.0,7868.0,2022-09-04
247,17740.0,0.0,0.0,9290.0,2022-09-05
248,16530.0,0.0,0.0,9200.0,2022-09-06
249,18450.0,0.0,0.0,9704.0,2022-09-07
250,17220.0,0.0,0.0,9500.0,2022-09-08
251,18820.0,0.0,0.0,9720.0,2022-09-09
252,16376.0,0.0,0.0,8850.0,2022-09-10
253,8600.0,0.0,0.0,4664.0,2022-09-11
254,17580.0,0.0,0.0,9350.0,2022-09-12
255,18220.0,0.0,0.0,9270.0,2022-09-13
256,17000.0,2.4,0.0,8790.0,2022-09-14
257,18340.0,0.0,0.0,9380.0,2022-09-15
258,16930.0,0.0,0.0,8870.0,2022-09-16
259,18000.0,0.0,0.0,8860.0,2022-09-17
260,15860.0,0.0,0.0,8190.0,2022-09-18
261,18750.0,0.0,0.0,8936.0,2022-09-19
262,16190.0,0.0,0.0,8344.0,2022-09-20
263,16690.0,0.0,0.0,8780.0,2022-09-21
264,18130.0,0.0,0.0,9384.0,2022-09-22
265,19580.0,0.0,0.0,9816.0,2022-09-23
266,19470.0,0.0,0.0,9530.0,2022-09-24
267,16880.0,0.0,0.0,8600.0,2022-09-25
268,18180.0,0.0,0.0,9070.0,2022-09-26
269,17000.0,0.0,0.0,8990.0,2022-09-27
270,17000.0,0.0,0.0,8296.0,2022-09-28
271,17780.0,0.0,0.0,8860.0,2022-09-29
272,19150.0,0.0,0.0,9220.0,2022-09-30
273,18190.0,0.0,0.0,8680.0,2022-10-01
274,17780.0,0.0,0.0,8730.0,2022-10-02
275,15410.0,0.0,0.0,8664.0,2022-10-03
276,16660.0,0.0,0.0,9040.0,2022-10-04
277,16400.0,0.0,0.0,7892.0,2022-10-05
278,14100.0,0.0,1.4,7880.0,2022-10-06
279,19220.0,0.0,0.0,9640.0,2022-10-07
280,19260.0,0.0,0.0,9700.0,2022-10-08
281,17010.0,0.0,0.0,8680.0,2022-10-09
282,17550.0,0.0,0.0,9320.0,2022-10-10
283,15680.0,0.0,0.0,8990.0,2022-10-11
284,17180.0,0.0,0.0,9410.0,2022-10-12
285,16720.0,0.0,0.0,8856.0,2022-10-13
286,18160.0,0.0,0.0,9384.0,2022-10-14
287,18780.0,0.0,0.0,9850.0,2022-10-15
288,17940.0,0.0,0.0,9840.0,2022-10-16
289,19060.0,0.0,0.0,9944.0,2022-10-17
290,16020.0,0.0,0.0,8560.0,2022-10-18
291,17710.0,0.0,0.0,9470.0,2022-10-19
292,18600.0,0.0,0.0,9270.0,2022-10-20
293,16830.0,0.0,0.0,9020.0,2022-10-21
294,16540.0,0.0,0.0,8856.0,2022-10-22
295,18530.0,0.0,0.0,8930.0,2022-10-23
296,18240.0,0.0,0.0,9230.0,2022-10-24
297,16900.0,0.0,0.0,8970.0,2022-10-25
298,18450.0,0.0,0.0,9180.0,2022-10-26
299,18770.0,0.0,0.0,9464.0,2022-10-27
300,19300.0,0.0,0.0,9224.0,2022-10-28
301,18850.0,0.0,0.0,9180.0,2022-10-29
302,15944.0,0.0,0.0,7644.0,2022-10-30
303,16830.0,0.0,0.0,8380.0,2022-10-31
304,14980.0,0.0,0.0,8410.0,2022-11-01
305,16400.0,0.0,0.0,8890.0,2022-11-02
306,20430.0,0.0,0.0,9590.0,2022-11-03
307,17380.0,0.0,0.0,8700.0,2022-11-04
308,19570.0,0.0,0.0,9360.0,2022-11-05
309,16040.0,0.0,0.0,8108.0,2022-11-06
310,14920.0,4.8,0.0,7470.0,2022-11-07
311,19490.0,0.0,0.0,9030.0,2022-11-08
312,18200.0,0.0,0.0,8320.0,2022-11-09
313,15890.0,0.0,0.0,8290.0,2022-11-10
314,16040.0,0.0,0.0,8230.0,2022-11-11
315,17810.0,0.0,0.0,9150.0,2022-11-12
316,16670.0,0.6,0.0,8360.0,2022-11-13
317,17730.0,0.0,0.0,8550.0,2022-11-14
318,19090.0,0.0,0.0,9496.0,2022-11-15
319,16820.0,0.0,0.0,8950.0,2022-11-16
320,19090.0,0.0,0.0,9690.0,2022-11-17
321,19340.0,0.0,0.0,9416.0,2022-11-18
322,14650.0,0.0,0.0,7068.0,2022-11-19
323,17520.0,0.0,0.0,8360.0,2022-11-20
324,17490.0,0.0,0.0,8188.0,2022-11-21
325,15300.0,0.0,0.0,8144.0,2022-11-22
326,16450.0,0.0,0.0,8400.0,2022-11-23
327,18380.0,0.0,0.0,8570.0,2022-11-24
328,14920.0,0.2,0.0,7790.0,2022-11-25
329,18190.0,0.0,0.0,8400.0,2022-11-26
330,15630.0,0.0,0.0,7716.0,2022-11-27
331,17950.0,0.0,0.0,8770.0,2022-11-28
332,17810.0,0.0,0.0,8350.0,2022-11-29
333,15190.0,0.2,0.0,7936.0,2022-11-30
334,14216.0,0.0,0.0,8052.0,2022-12-01
335,17040.0,0.0,0.0,8188.0,2022-12-02
336,12550.0,0.0,0.0,6604.0,2022-12-03
337,12120.0,1.4,0.0,6150.0,2022-12-04
338,18780.0,0.0,0.0,8536.0,2022-12-05
339,17300.0,0.0,0.0,8440.0,2022-12-06
340,17090.0,0.0,0.0,8360.0,2022-12-07
341,15440.0,0.0,0.0,7510.0,2022-12-08
342,15290.0,0.0,0.0,7870.0,2022-12-09
343,18240.0,0.0,0.0,8550.0,2022-12-10
344,9970.0,84.6,0.0,6164.0,2022-12-11
345,17840.0,0.0,0.0,8760.0,2022-12-12
346,16900.0,0.0,0.0,8056.0,2022-12-13
347,16740.0,0.0,0.0,7950.0,2022-12-14
348,14360.0,0.0,0.0,7660.0,2022-12-15
349,15840.0,0.0,0.0,8096.0,2022-12-16
350,15120.0,0.0,0.0,7868.0,2022-12-17
351,14000.0,1.8,0.0,6930.0,2022-12-18
352,15420.0,0.0,0.0,8012.0,2022-12-19
353,17150.0,0.0,0.0,8940.0,2022-12-20
354,17710.0,0.0,0.0,8696.0,2022-12-21
355,16290.0,0.0,0.0,8630.0,2022-12-22
356,16770.0,0.0,0.0,8150.0,2022-12-23
357,13750.0,2.0,0.0,6820.0,2022-12-24
358,9060.0,65.2,0.0,5964.0,2022-12-25
359,20620.0,0.0,0.0,9110.0,2022-12-26
360,19520.0,0.0,0.0,8790.0,2022-12-27
361,19380.0,0.0,0.0,9020.0,2022-12-28
362,19890.0,0.0,0.0,8870.0,2022-12-29
363,20670.0,0.0,0.0,9304.0,2022-12-30
364,15580.0,0.0,0.0,7436.0,2022-12-31
0,11430.0,0.0,0.0,6068.0,2023-01-01
1,21680.0,0.0,0.0,9590.0,2023-01-02
2,18270.0,0.0,0.0,8840.0,2023-01-03
3,17740.0,0.0,0.0,8490.0,2023-01-04
4,19330.0,0.0,0.0,9016.0,2023-01-05
5,19540.0,0.0,0.0,9200.0,2023-01-06
6,19920.0,0.0,0.0,9040.0,2023-01-07
7,17020.0,0.0,0.0,7884.0,2023-01-08
8,21440.0,0.0,0.0,9840.0,2023-01-09
9,17810.0,0.0,0.0,8440.0,2023-01-10
10,21470.0,0.0,0.0,9640.0,2023-01-11
11,16820.0,0.0,0.0,8640.0,2023-01-12
12,15944.0,0.0,0.0,8680.0,2023-01-13
13,18300.0,0.0,0.0,8770.0,2023-01-14
14,15310.0,0.0,0.0,8124.0,2023-01-15
15,18930.0,0.0,0.0,9350.0,2023-01-16
16,18240.0,0.0,0.0,9130.0,2023-01-17
17,19220.0,0.0,0.0,9230.0,2023-01-18
18,17970.0,0.0,0.0,9304.0,2023-01-19
19,16430.0,0.0,0.0,8580.0,2023-01-20
20,16690.0,0.0,0.0,8420.0,2023-01-21
21,14970.0,0.0,0.0,7750.0,2023-01-22
22,17820.0,0.0,0.0,8904.0,2023-01-23
23,16240.0,0.0,0.0,8420.0,2023-01-24
24,18540.0,0.0,0.0,9240.0,2023-01-25
25,16900.0,0.0,0.0,9096.0,2023-01-26
26,16500.0,0.0,0.0,8780.0,2023-01-27
27,14190.0,0.0,0.0,7964.0,2023-01-28
28,12570.0,0.6,0.0,7212.0,2023-01-29
29,19730.0,0.0,0.0,9630.0,2023-01-30
0,16660.0,0.0,0.0,8410.0,2023-02-01
1,17100.0,0.0,0.0,8660.0,2023-02-02
2,17300.0,0.0,0.0,8750.0,2023-02-03
3,16620.0,0.0,0.0,8750.0,2023-02-04
4,15830.0,0.0,0.0,8190.0,2023-02-05
5,16050.0,0.0,0.0,8616.0,2023-02-06
6,17170.0,0.0,0.0,8880.0,2023-02-07
7,18910.0,0.0,0.0,9656.0,2023-02-08
8,20400.0,0.0,0.0,9880.0,2023-02-09
9,19400.0,0.0,0.0,9680.0,2023-02-10
10,18740.0,0.0,0.0,8900.0,2023-02-11
11,18270.0,0.0,0.0,8490.0,2023-02-12
12,18530.0,0.0,0.0,8856.0,2023-02-13
13,15440.0,0.0,0.0,8840.0,2023-02-14
14,17400.0,0.0,0.0,9090.0,2023-02-15
15,19600.0,0.0,0.0,9464.0,2023-02-16
16,18990.0,0.0,0.0,9650.0,2023-02-17
17,18320.0,0.0,0.0,9450.0,2023-02-18
18,12904.0,0.0,0.0,7250.0,2023-02-19
19,19950.0,0.0,0.0,9460.0,2023-02-20
20,18850.0,0.0,0.0,9560.0,2023-02-21
21,20940.0,0.0,0.0,10120.0,2023-02-22
22,17970.0,0.0,0.0,9780.0,2023-02-23
23,20270.0,0.0,0.0,10104.0,2023-02-24
24,18610.0,0.0,0.0,9690.0,2023-02-25
25,17520.0,0.0,0.0,8780.0,2023-02-26
26,18580.0,0.0,0.0,8870.0,2023-02-27
0,19340.0,0.0,0.0,9490.0,2023-03-01
1,16220.0,0.0,0.0,8456.0,2023-03-02
2,19150.0,0.0,0.0,9770.0,2023-03-03
3,18980.0,0.0,0.0,9816.0,2023-03-04
4,16750.0,0.0,0.0,8460.0,2023-03-05
5,19280.0,0.0,0.0,9280.0,2023-03-06
6,20100.0,0.0,0.0,9560.0,2023-03-07
7,19980.0,0.0,0.0,9544.0,2023-03-08
8,19100.0,0.0,0.0,9130.0,2023-03-09
9,21020.0,0.0,0.0,9960.0,2023-03-10
10,18220.0,0.0,0.0,9130.0,2023-03-11
11,19360.0,0.0,0.0,8960.0,2023-03-12
12,18610.0,0.0,0.0,8870.0,2023-03-13
13,16450.0,0.0,0.0,8504.0,2023-03-14
14,19310.0,0.0,0.0,9380.0,2023-03-15
15,17180.0,0.0,0.0,9000.0,2023-03-16
16,18540.0,0.0,0.0,9290.0,2023-03-17
17,17890.0,0.0,0.0,9144.0,2023-03-18
18,15624.0,0.0,0.0,8310.0,2023-03-19
19,19600.0,0.0,0.0,9820.0,2023-03-20
20,17400.0,0.0,0.0,8900.0,2023-03-21
21,15560.0,0.0,0.0,8376.0,2023-03-22
22,17460.0,0.0,0.0,8750.0,2023-03-23
23,18130.0,0.0,0.0,8870.0,2023-03-24
24,20340.0,0.0,0.0,9416.0,2023-03-25
25,9784.0,0.0,0.0,5000.0,2023-03-26
26,19740.0,0.0,0.0,9576.0,2023-03-27
27,16090.0,0.0,0.0,8584.0,2023-03-28
28,18130.0,0.0,0.0,9000.0,2023-03-29
29,16376.0,0.0,0.0,8850.0,2023-03-30
0,18290.0,0.0,0.0,9096.0,2023-04-01
1,15736.0,0.0,0.0,7892.0,2023-04-02
2,17710.0,0.0,0.0,9410.0,2023-04-03
3,19300.0,0.0,0.0,9460.0,2023-04-04
4,19400.0,0.0,0.0,9580.0,2023-04-05
5,19520.0,0.0,0.0,9690.0,2023-04-06
6,19060.0,0.0,0.0,9250.0,2023-04-07
7,16720.0,0.0,0.0,8984.0,2023-04-08
8,14616.0,37.2,0.0,8530.0,2023-04-09
9,19550.0,0.0,0.0,9480.0,2023-04-10
10,20380.0,0.0,0.0,10280.0,2023-04-11
11,18720.0,0.0,0.0,10100.0,2023-04-12
12,20080.0,0.0,0.0,11336.0,2023-04-13
13,19020.0,0.0,0.0,10424.0,2023-04-14
14,19000.0,0.0,0.0,10680.0,2023-04-15
15,15320.0,0.0,0.0,9340.0,2023-04-16
16,17970.0,0.0,0.0,9960.0,2023-04-17
17,21230.0,0.0,0.0,11016.0,2023-04-18
18,19800.0,0.0,0.0,10790.0,2023-04-19
19,20300.0,0.0,0.0,10980.0,2023-04-20
20,21550.0,0.0,0.0,11304.0,2023-04-21
21,20820.0,0.0,0.0,11224.0,2023-04-22
22,17780.0,0.0,0.0,10670.0,2023-04-23
23,21840.0,0.0,0.0,11580.0,2023-04-24
24,19120.0,0.0,0.0,11120.0,2023-04-25
25,20940.0,0.0,0.0,11540.0,2023-04-26
26,16720.0,0.0,0.0,10264.0,2023-04-27
27,18620.0,0.0,0.0,10750.0,2023-04-28
28,20640.0,0.0,0.0,10310.0,2023-04-29
0,20400.0,0.0,0.0,11304.0,2023-05-01
1,21460.0,0.0,0.0,11490.0,2023-05-02
2,24590.0,0.0,0.0,13096.0,2023-05-03
3,19870.0,0.0,0.0,11540.0,2023-05-04
4,19090.0,0.0,0.0,11230.0,2023-05-05
5,18300.0,0.0,0.0,11120.0,2023-05-06
6,15870.0,0.0,0.0,10060.0,2023-05-07
7,20860.0,0.0,0.0,11704.0,2023-05-08
8,19890.0,0.0,0.0,11304.0,2023-05-09
9,21140.0,0.0,0.0,11540.0,2023-05-10
10,18340.0,0.0,0.0,10376.0,2023-05-11
11,17920.0,0.0,0.0,10750.0,2023-05-12
12,17490.0,0.0,0.0,10340.0,2023-05-13
13,16110.0,0.0,0.0,9336.0,2023-05-14
14,20500.0,0.0,0.0,11070.0,2023-05-15
15,21020.0,0.0,0.0,11470.0,2023-05-16
16,19170.0,0.0,0.0,10790.0,2023-05-17
17,19490.0,0.0,0.0,11336.0,2023-05-18
18,19900.0,0.0,0.0,11080.0,2023-05-19
19,19740.0,0.0,0.0,10840.0,2023-05-20
20,17490.0,0.0,0.0,9350.0,2023-05-21
21,19060.0,0.0,0.0,10824.0,2023-05-22
22,20160.0,0.0,0.0,10690.0,2023-05-23
23,19300.0,0.0,0.0,10936.0,2023-05-24
24,19490.0,0.0,0.0,10270.0,2023-05-25
25,18990.0,0.0,0.0,10460.0,2023-05-26
26,13576.0,0.0,0.0,8760.0,2023-05-27
27,19580.0,0.0,0.0,10800.0,2023-05-28
28,21820.0,0.0,0.0,11510.0,2023-05-29
29,18780.0,0.0,0.0,10900.0,2023-05-30
0,19940.0,0.0,0.0,11544.0,2023-06-01
1,16460.0,0.0,0.0,10450.0,2023-06-02
2,17650.0,0.0,0.0,9920.0,2023-06-03
3,13500.0,0.0,0.0,8420.0,2023-06-04
4,20140.0,0.0,0.0,10720.0,2023-06-05
5,20080.0,0.0,0.0,11300.0,2023-06-06
6,18450.0,0.0,0.0,10616.0,2023-06-07
7,18980.0,0.0,0.0,11016.0,2023-06-08
8,18530.0,0.0,0.0,11390.0,2023-06-09
9,18910.0,0.0,0.0,11090.0,2023-06-10
10,16280.0,0.0,0.0,10100.0,2023-06-11
11,19120.0,0.0,0.0,10904.0,2023-06-12
12,17700.0,0.0,0.0,10720.0,2023-06-13
13,17440.0,0.0,0.0,10010.0,2023-06-14
14,19090.0,0.0,0.0,10720.0,2023-06-15
15,17760.0,0.0,0.0,10190.0,2023-06-16
16,17150.0,0.0,0.0,10040.0,2023-06-17
17,19090.0,0.0,0.0,10130.0,2023-06-18
18,20420.0,0.0,0.0,10690.0,2023-06-19
19,20460.0,0.0,0.0,11230.0,2023-06-20
20,17000.0,0.0,0.0,9580.0,2023-06-21
21,17310.0,0.0,0.0,10024.0,2023-06-22
22,18290.0,0.0,0.0,10010.0,2023-06-23
23,17550.0,0.0,0.0,10280.0,2023-06-24
24,19550.0,0.0,0.0,9850.0,2023-06-25
25,17330.0,0.0,0.0,10060.0,2023-06-26
26,18830.0,0.0,0.0,10430.0,2023-06-27
27,17710.0,0.0,0.0,10520.0,2023-06-28
28,18580.0,0.0,0.0,11096.0,2023-06-29
0,18060.0,0.0,0.0,10184.0,2023-07-01
1,12824.0,1.8,0.2,9180.0,2023-07-02
2,19410.0,0.0,0.0,11260.0,2023-07-03
3,18380.0,0.0,0.0,10910.0,2023-07-04
4,19490.0,0.0,0.0,11070.0,2023-07-05
5,16060.0,0.0,0.0,9820.0,2023-07-06
6,18240.0,0.0,0.0,10370.0,2023-07-07
7,19410.0,0.0,0.0,10984.0,2023-07-08
8,15530.0,0.0,0.0,9130.0,2023-07-09
9,16050.0,0.0,0.0,9440.0,2023-07-10
10,16750.0,0.0,0.0,10500.0,2023-07-11
11,18640.0,0.0,0.0,10640.0,2023-07-12
12,18400.0,0.0,0.0,10900.0,2023-07-13
13,19440.0,0.0,0.0,10920.0,2023-07-14
14,21200.0,0.0,0.0,11096.0,2023-07-15
15,18450.0,0.0,0.0,9920.0,2023-07-16
16,21980.0,0.0,0.0,11144.0,2023-07-17
17,19300.0,0.0,0.0,10580.0,2023-07-18
18,19950.0,0.0,0.0,11130.0,2023-07-19
19,20370.0,0.0,0.0,11290.0,2023-07-20
20,13970.0,0.0,0.0,8810.0,2023-07-21
21,18260.0,0.0,0.0,10560.0,2023-07-22
22,13190.0,39.2,0.0,8930.0,2023-07-23
23,19580.0,0.0,0.0,11360.0,2023-07-24
24,18940.0,0.0,0.0,11010.0,2023-07-25
25,21300.0,0.0,0.0,11060.0,2023-07-26
26,17090.0,19.0,0.0,9170.0,2023-07-27
27,15710.0,0.0,0.0,9330.0,2023-07-28
28,17100.0,0.0,0.0,10410.0,2023-07-29
29,17390.0,0.0,0.0,9940.0,2023-07-30
0,18940.0,0.0,0.0,10664.0,2023-08-01
1,17500.0,0.0,0.0,9190.0,2023-08-02
2,20510.0,0.0,0.0,10740.0,2023-08-03
3,16830.0,0.0,0.0,8960.0,2023-08-04
4,18830.0,0.0,0.0,11360.0,2023-08-05
5,17760.0,0.0,0.0,10260.0,2023-08-06
6,17800.0,0.0,0.0,10680.0,2023-08-07
7,17400.0,0.0,0.0,10880.0,2023-08-08
8,18430.0,0.0,0.0,10650.0,2023-08-09
9,19630.0,0.0,0.0,10984.0,2023-08-10
10,21860.0,0.0,0.0,11590.0,2023-08-11
11,18800.0,0.0,0.0,11860.0,2023-08-12
12,17660.0,0.0,0.0,9960.0,2023-08-13
13,17800.0,0.0,0.0,10744.0,2023-08-14
14,18300.0,0.0,0.0,10840.0,2023-08-15
15,17760.0,0.0,0.0,10440.0,2023-08-16
16,18380.0,0.0,0.0,11370.0,2023-08-17
17,17650.0,0.0,0.0,10510.0,2023-08-18
18,19340.0,0.0,0.0,11540.0,2023-08-19
19,13544.0,0.0,0.0,9170.0,2023-08-20
20,19400.0,0.0,0.0,11190.0,2023-08-21
21,18450.0,0.0,0.0,10760.0,2023-08-22
22,18270.0,0.0,0.0,10810.0,2023-08-23
23,19360.0,0.0,0.0,10970.0,2023-08-24
24,17710.0,0.0,0.0,10910.0,2023-08-25
25,16270.0,0.0,0.0,9530.0,2023-08-26
26,16136.0,0.0,0.0,9650.0,2023-08-27
27,17470.0,0.0,0.0,10120.0,2023-08-28
28,17220.0,0.0,0.0,10500.0,2023-08-29
29,16830.0,0.0,0.0,10200.0,2023-08-30
0,17280.0,0.0,0.0,10584.0,2023-09-01
1,18820.0,0.0,0.0,10344.0,2023-09-02
2,16200.0,0.0,0.0,9760.0,2023-09-03
3,16600.0,0.0,0.0,9200.0,2023-09-04
4,16136.0,0.0,0.0,9750.0,2023-09-05
5,16500.0,0.0,0.0,10060.0,2023-09-06
6,17000.0,0.0,0.0,9820.0,2023-09-07
7,16670.0,0.0,0.0,10264.0,2023-09-08
8,15530.0,0.0,0.0,9930.0,2023-09-09
9,15540.0,0.0,0.0,9490.0,2023-09-10
10,17820.0,0.0,0.0,10450.0,2023-09-11
11,19500.0,0.0,0.0,11260.0,2023-09-12
12,19360.0,0.0,0.0,10580.0,2023-09-13
13,18530.0,0.0,0.0,10690.0,2023-09-14
14,17170.0,0.0,0.0,10260.0,2023-09-15
15,16940.0,0.0,0.0,10100.0,2023-09-16
16,10730.0,33.0,0.0,7520.0,2023-09-17
17,16480.0,0.0,0.0,9630.0,2023-09-18
18,20510.0,0.0,0.0,10270.0,2023-09-19
19,18700.0,0.0,0.0,9620.0,2023-09-20
20,19790.0,0.0,0.0,10440.0,2023-09-21
21,21400.0,0.0,0.0,11144.0,2023-09-22
22,16850.0,0.0,0.0,10376.0,2023-09-23
23,14830.0,0.0,0.0,9790.0,2023-09-24
24,19070.0,0.0,0.0,11060.0,2023-09-25
25,18600.0,0.0,0.0,11064.0,2023-09-26
26,18380.0,0.0,0.0,10930.0,2023-09-27
27,17280.0,0.0,0.0,10590.0,2023-09-28
28,18110.0,0.0,0.0,11144.0,2023-09-29
0,14480.0,0.0,0.0,9816.0,2023-10-01
1,18460.0,0.0,0.0,11176.0,2023-10-02
2,19220.0,0.0,0.0,11656.0,2023-10-03
3,22080.0,0.0,0.0,11840.0,2023-10-04
4,19920.0,0.0,0.0,11560.0,2023-10-05
5,21940.0,0.0,0.0,12110.0,2023-10-06
6,18460.0,0.0,0.0,11704.0,2023-10-07
7,17780.0,0.0,0.0,10150.0,2023-10-08
8,19890.0,0.0,0.0,11470.0,2023-10-09
9,19180.0,0.0,0.0,11200.0,2023-10-10
10,19120.0,0.0,0.0,11250.0,2023-10-11
11,19840.0,0.0,0.0,11790.0,2023-10-12
12,19580.0,0.0,0.0,11384.0,2023-10-13
13,18510.0,0.0,0.0,11190.0,2023-10-14
14,17900.0,0.0,0.0,11130.0,2023-10-15
15,19950.0,0.0,0.0,11320.0,2023-10-16
16,20880.0,0.0,0.0,11630.0,2023-10-17
17,19090.0,0.0,0.0,11160.0,2023-10-18
18,21170.0,0.0,0.0,11660.0,2023-10-19
19,18640.0,0.0,0.0,10820.0,2023-10-20
20,18720.0,0.0,0.0,10170.0,2023-10-21
21,18600.0,0.0,0.0,10480.0,2023-10-22
22,18700.0,0.0,0.0,11410.0,2023-10-23
23,20240.0,0.0,0.0,10940.0,2023-10-24
24,20080.0,0.0,0.0,11130.0,2023-10-25
25,21500.0,0.0,0.0,11320.0,2023-10-26
26,17820.0,0.0,0.0,10340.0,2023-10-27
27,19460.0,0.0,0.0,10790.0,2023-10-28
28,13490.0,17.4,0.0,8050.0,2023-10-29
29,16320.0,0.0,0.0,9400.0,2023-10-30
0,20080.0,0.0,0.0,10770.0,2023-11-01
1,19490.0,0.0,0.0,10950.0,2023-11-02
2,22020.0,0.0,0.0,11990.0,2023-11-03
3,17170.0,0.0,0.0,9880.0,2023-11-04
4,17280.0,0.0,0.0,9700.0,2023-11-05
5,16830.0,0.0,0.0,10170.0,2023-11-06
6,19400.0,0.0,0.0,10776.0,2023-11-07
7,18880.0,0.0,0.0,11220.0,2023-11-08
8,20600.0,0.0,0.0,11350.0,2023-11-09
9,19920.0,0.0,0.0,11170.0,2023-11-10
10,18350.0,0.0,0.0,10110.0,2023-11-11
11,17570.0,0.0,0.0,10104.0,2023-11-12
12,15750.0,0.0,0.0,10310.0,2023-11-13
13,18350.0,0.0,0.0,10530.0,2023-11-14
14,19940.0,0.0,0.0,10410.0,2023-11-15
15,20200.0,0.0,0.0,11050.0,2023-11-16
16,20130.0,0.0,0.0,10890.0,2023-11-17
17,17330.0,0.0,0.0,9530.0,2023-11-18
18,12560.0,70.2,0.0,7330.0,2023-11-19
19,21570.0,0.0,0.0,10870.0,2023-11-20
20,17200.0,0.0,0.0,10210.0,2023-11-21
21,20000.0,0.0,0.0,10900.0,2023-11-22
22,17470.0,0.0,0.0,10480.0,2023-11-23
23,16056.0,0.0,0.0,9740.0,2023-11-24
24,17980.0,0.0,0.0,9670.0,2023-11-25
25,12810.0,0.0,0.0,9920.0,2023-11-26
26,19900.0,0.0,0.0,11224.0,2023-11-27
27,16900.0,0.0,0.0,10390.0,2023-11-28
28,17730.0,0.0,0.0,10960.0,2023-11-29
0,17260.0,0.0,0.0,9450.0,2023-12-01
1,12530.0,0.0,0.0,8132.0,2023-12-02
2,11990.0,0.0,0.0,8620.0,2023-12-03
3,20140.0,0.0,0.0,11150.0,2023-12-04
4,18160.0,0.0,0.0,10470.0,2023-12-05
5,18400.0,0.0,0.0,9990.0,2023-12-06
6,19410.0,0.0,0.0,10580.0,2023-12-07
7,18320.0,0.0,0.0,10360.0,2023-12-08
8,19630.0,0.0,0.0,10344.0,2023-12-09
9,20620.0,0.0,0.0,10840.0,2023-12-10
10,15720.0,3.0,0.0,9470.0,2023-12-11
11,15910.0,0.0,0.0,9510.0,2023-12-12
12,18660.0,0.0,0.0,10616.0,2023-12-13
13,22910.0,0.0,0.0,11940.0,2023-12-14
14,22420.0,0.0,0.0,11140.0,2023-12-15
15,20420.0,0.0,0.0,10500.0,2023-12-16
16,20740.0,0.0,0.0,10820.0,2023-12-17
17,21200.0,0.0,0.0,10824.0,2023-12-18
18,23090.0,0.0,0.0,11580.0,2023-12-19
19,19700.0,0.0,0.0,10980.0,2023-12-20
20,21980.0,0.0,0.0,11270.0,2023-12-21
21,21800.0,0.0,0.0,11784.0,2023-12-22
22,20290.0,0.0,0.0,10630.0,2023-12-23
23,15770.0,0.0,0.0,9000.0,2023-12-24
24,11590.0,0.6,0.0,7376.0,2023-12-25
25,21250.0,0.0,0.0,11010.0,2023-12-26
26,22480.0,0.0,0.0,11680.0,2023-12-27
27,19000.0,0.0,0.0,9770.0,2023-12-28
28,17760.0,0.0,0.0,9944.0,2023-12-29
29,20560.0,0.0,0.0,10700.0,2023-12-30
0,10480.0,0.0,0.0,6936.0,2024-01-01
1,21470.0,0.0,0.0,11200.0,2024-01-02
2,17170.0,0.0,0.0,10300.0,2024-01-03
3,21300.0,0.0,0.0,10664.0,2024-01-04
4,16770.0,0.0,0.0,10090.0,2024-01-05
5,17600.0,0.0,0.0,10240.0,2024-01-06
6,16590.0,0.0,0.0,10470.0,2024-01-07
7,19840.0,0.0,0.0,11310.0,2024-01-08
8,18860.0,0.0,0.0,10840.0,2024-01-09
9,20850.0,0.0,0.0,11220.0,2024-01-10
10,19230.0,0.0,0.0,10970.0,2024-01-11
11,20240.0,0.0,0.0,11340.0,2024-01-12
12,17460.0,0.0,0.0,9860.0,2024-01-13
13,8000.0,100.2,0.0,5984.0,2024-01-14
14,18240.0,0.0,0.0,10840.0,2024-01-15
15,18770.0,0.0,0.0,11820.0,2024-01-16
16,19630.0,0.0,0.0,11384.0,2024-01-17
17,17810.0,0.0,0.0,10960.0,2024-01-18
18,18450.0,0.0,0.0,10400.0,2024-01-19
19,15710.0,0.0,0.0,9530.0,2024-01-20
20,13880.0,0.0,0.0,9730.0,2024-01-21
21,17360.0,0.0,0.0,10310.0,2024-01-22
22,16770.0,0.0,0.0,10410.0,2024-01-23
23,19760.0,0.0,0.0,10824.0,2024-01-24
24,18980.0,0.0,0.0,10280.0,2024-01-25
25,21470.0,0.0,0.0,11170.0,2024-01-26
26,18830.0,0.0,0.0,10440.0,2024-01-27
27,19470.0,0.0,0.0,10320.0,2024-01-28
28,20910.0,0.0,0.0,10580.0,2024-01-29
29,18480.0,0.0,0.0,10424.0,2024-01-30
0,21580.0,0.0,0.0,10700.0,2024-02-01
1,18380.0,0.0,0.0,9270.0,2024-02-02
2,18190.0,0.0,0.0,9350.0,2024-02-03
3,13500.0,0.0,0.0,8940.0,2024-02-04
4,19420.0,0.0,0.0,9580.0,2024-02-05
5,19730.0,0.0,0.0,10220.0,2024-02-06
6,19620.0,0.0,0.0,10070.0,2024-02-07
7,16880.0,0.0,0.0,9360.0,2024-02-08
8,16930.0,0.0,0.0,9330.0,2024-02-09
9,15920.0,0.0,0.0,9800.0,2024-02-10
10,15220.0,0.0,0.0,9370.0,2024-02-11
11,16750.0,0.0,0.0,10010.0,2024-02-12
12,22980.0,0.0,0.0,11190.0,2024-02-13
13,20940.0,0.0,0.0,10450.0,2024-02-14
14,24290.0,0.0,0.0,11520.0,2024-02-15
15,19410.0,0.0,0.0,10820.0,2024-02-16
16,20420.0,0.0,0.0,10670.0,2024-02-17
17,17630.0,0.0,0.0,10230.0,2024-02-18
18,18050.0,0.0,0.0,10180.0,2024-02-19
19,24160.0,0.0,0.0,11464.0,2024-02-20
20,23740.0,0.0,0.0,11330.0,2024-02-21
21,23360.0,0.0,0.0,10930.0,2024-02-22
22,19310.0,0.0,0.0,10410.0,2024-02-23
23,19280.0,0.0,0.0,10620.0,2024-02-24
24,11464.0,19.2,0.0,7428.0,2024-02-25
25,19980.0,0.0,0.0,9976.0,2024-02-26
26,19760.0,0.0,0.0,9870.0,2024-02-27
27,20420.0,0.0,0.0,10680.0,2024-02-28
0,19580.0,0.0,0.0,10960.0,2024-03-01
1,19700.0,0.0,0.0,11570.0,2024-03-02
2,21140.0,0.0,0.0,12180.0,2024-03-03
3,20480.0,0.0,0.0,11280.0,2024-03-04
4,20140.0,0.0,0.0,11680.0,2024-03-05
5,22000.0,0.0,0.0,11656.0,2024-03-06
6,16960.0,0.0,0.0,10830.0,2024-03-07
7,20880.0,0.0,0.0,11610.0,2024-03-08
8,22050.0,0.0,0.0,11490.0,2024-03-09
9,18780.0,0.0,0.0,10760.0,2024-03-10
10,20910.0,0.0,0.0,10980.0,2024-03-11
11,22200.0,0.0,0.0,11460.0,2024-03-12
12,19000.0,0.0,0.0,10750.0,2024-03-13
13,22530.0,0.0,0.0,11580.0,2024-03-14
14,18140.0,0.0,0.0,11016.0,2024-03-15
15,17730.0,0.0,0.0,11240.0,2024-03-16
16,14410.0,0.6,0.0,9000.0,2024-03-17
17,20540.0,0.0,0.0,11640.0,2024-03-18
18,19860.0,0.0,0.0,11160.0,2024-03-19
19,22080.0,0.0,0.0,11370.0,2024-03-20
20,21940.0,0.0,0.0,11016.0,2024-03-21
21,18880.0,0.0,0.0,10020.0,2024-03-22
22,20020.0,0.0,0.0,10600.0,2024-03-23
23,18200.0,0.0,0.0,9784.0,2024-03-24
24,20980.0,0.0,0.0,10860.0,2024-03-25
25,25520.0,0.0,0.0,12120.0,2024-03-26
26,21780.0,0.0,0.0,11280.0,2024-03-27
27,24100.0,0.0,0.0,11830.0,2024-03-28
28,21740.0,0.0,0.0,10900.0,2024-03-29
29,21540.0,0.0,0.0,9760.0,2024-03-30
0,21950.0,0.0,0.0,10530.0,2024-04-01
1,18980.0,0.0,0.0,10300.0,2024-04-02
2,17010.0,0.0,0.0,9670.0,2024-04-03
3,17170.0,0.0,0.0,9980.0,2024-04-04
4,19840.0,0.0,0.0,10820.0,2024-04-05
5,19250.0,0.0,0.0,10620.0,2024-04-06
6,11730.0,0.0,0.0,8120.0,2024-04-07
7,21460.0,0.0,0.0,11544.0,2024-04-08
8,19920.0,0.0,0.0,10660.0,2024-04-09
9,17260.0,0.0,0.0,10500.0,2024-04-10
10,17840.0,0.0,0.0,10664.0,2024-04-11
11,20770.0,0.0,0.0,11270.0,2024-04-12
12,19490.0,0.0,0.0,10680.0,2024-04-13
13,8560.0,0.0,0.0,4896.0,2024-04-14
14,19520.0,0.0,0.0,10810.0,2024-04-15
15,20080.0,0.0,0.0,11060.0,2024-04-16
16,19840.0,0.0,0.0,11350.0,2024-04-17
17,20020.0,0.0,0.0,11096.0,2024-04-18
18,20980.0,0.0,0.0,10860.0,2024-04-19
19,20290.0,0.0,0.0,11050.0,2024-04-20
20,19410.0,0.0,0.0,10090.0,2024-04-21
21,20480.0,0.0,0.0,10720.0,2024-04-22
22,21000.0,0.0,0.0,11030.0,2024-04-23
23,16216.0,0.0,0.0,10264.0,2024-04-24
24,18190.0,0.0,0.0,10840.0,2024-04-25
25,19680.0,0.0,0.0,10830.0,2024-04-26
26,22720.0,0.0,0.0,10870.0,2024-04-27
27,20660.0,0.0,0.0,10510.0,2024-04-28
28,22660.0,0.0,0.0,11384.0,2024-04-29
0,16830.0,0.0,0.0,9880.0,2024-05-01
1,19630.0,0.0,0.0,10280.0,2024-05-02
2,20420.0,0.0,0.0,11030.0,2024-05-03
3,20110.0,0.0,0.0,10340.0,2024-05-04
4,12510.0,0.0,0.0,9224.0,2024-05-05
5,15940.0,0.0,0.0,9910.0,2024-05-06
6,20200.0,0.0,0.0,11260.0,2024-05-07
7,19380.0,0.0,0.0,11100.0,2024-05-08
8,20290.0,0.0,0.0,10696.0,2024-05-09
9,20270.0,0.0,0.0,11410.0,2024-05-10
10,18270.0,0.0,0.0,10184.0,2024-05-11
11,18240.0,0.0,0.0,10056.0,2024-05-12
12,16040.0,0.0,0.0,10370.0,2024-05-13
13,20480.0,0.0,0.0,11150.0,2024-05-14
14,20100.0,0.0,0.0,11570.0,2024-05-15
15,19570.0,0.0,0.0,10744.0,2024-05-16
16,22850.0,0.0,0.0,11280.0,2024-05-17
17,17980.0,0.0,0.0,10060.0,2024-05-18
18,17020.0,0.0,0.0,10340.0,2024-05-19
19,20460.0,0.0,0.0,10904.0,2024-05-20
20,21020.0,0.0,0.0,10600.0,2024-05-21
21,19200.0,0.0,0.0,10320.0,2024-05-22
22,19090.0,0.0,0.0,9740.0,2024-05-23
23,15640.0,0.0,3.0,8780.0,2024-05-24
24,18000.0,0.0,0.0,10000.0,2024-05-25
25,20530.0,0.0,0.0,9810.0,2024-05-26
26,23790.0,0.0,0.0,11040.0,2024-05-27
27,19060.0,0.0,0.0,9180.0,2024-05-28
28,18560.0,0.0,9.0,9370.0,2024-05-29
29,21800.0,0.0,0.0,10940.0,2024-05-30
0,16980.0,0.0,0.0,11190.0,2024-06-01
1,17140.0,0.0,0.0,12160.0,2024-06-02
2,18460.0,0.0,0.0,11750.0,2024-06-03
3,20640.0,0.0,0.0,11170.0,2024-06-04
4,18910.0,0.0,0.0,10480.0,2024-06-05
5,20960.0,0.0,0.0,10936.0,2024-06-06
6,19040.0,0.0,0.0,9980.0,2024-06-07
7,23780.0,0.0,0.0,11930.0,2024-06-08
8,19060.0,0.0,0.0,10340.0,2024-06-09
9,19440.0,0.0,0.0,10340.0,2024-06-10
10,18940.0,0.0,0.0,9980.0,2024-06-11
11,19380.0,0.0,0.0,10730.0,2024-06-12
12,19230.0,0.0,0.0,10340.0,2024-06-13
13,20860.0,0.0,0.0,10184.0,2024-06-14
14,19570.0,0.0,0.0,9800.0,2024-06-15
15,11896.0,53.4,0.0,7770.0,2024-06-16
16,20980.0,0.0,0.0,10700.0,2024-06-17
17,18780.0,0.0,0.0,9976.0,2024-06-18
18,21360.0,0.0,0.0,10170.0,2024-06-19
19,20220.0,0.0,0.0,10664.0,2024-06-20
20,19740.0,0.0,0.0,10380.0,2024-06-21
21,19360.0,0.0,0.0,10300.0,2024-06-22
22,15880.0,0.0,0.0,9730.0,2024-06-23
23,20690.0,0.0,0.0,10930.0,2024-06-24
24,22850.0,0.0,0.0,11520.0,2024-06-25
25,20050.0,0.0,0.0,10650.0,2024-06-26
26,20180.0,0.0,0.0,10720.0,2024-06-27
27,21600.0,0.0,0.0,10570.0,2024-06-28
28,19460.0,0.0,0.0,9670.0,2024-06-29
0,16980.0,0.0,0.0,10184.0,2024-07-01
1,20580.0,0.0,0.0,11304.0,2024-07-02
2,18320.0,0.0,0.0,10430.0,2024-07-03
3,21170.0,0.0,0.0,10904.0,2024-07-04
4,19940.0,0.0,0.0,10296.0,2024-07-05
5,16510.0,0.0,0.0,10410.0,2024-07-06
6,13870.0,0.0,0.0,10610.0,2024-07-07
7,18160.0,0.0,0.0,10150.0,2024-07-08
8,22480.0,0.0,0.0,10904.0,2024-07-09
9,21780.0,0.0,0.0,10870.0,2024-07-10
10,21260.0,0.0,0.0,10950.0,2024-07-11
11,18960.0,0.0,0.0,10540.0,2024-07-12
12,18990.0,0.0,0.0,11016.0,2024-07-13
13,19870.0,0.0,0.0,11940.0,2024-07-14
14,20180.0,0.0,0.0,10560.0,2024-07-15
15,19360.0,0.0,0.0,10410.0,2024-07-16
16,21180.0,0.0,0.0,10720.0,2024-07-17
17,17740.0,0.0,0.0,10350.0,2024-07-18
18,21860.0,0.0,0.0,10780.0,2024-07-19
19,19700.0,0.0,0.0,11050.0,2024-07-20
20,11750.0,60.6,0.0,8092.0,2024-07-21
21,21300.0,0.0,0.0,10910.0,2024-07-22
22,20660.0,0.0,0.0,10970.0,2024-07-23
23,21070.0,0.0,0.0,10776.0,2024-07-24
24,18320.0,0.0,0.0,10344.0,2024-07-25
25,18770.0,0.0,0.0,10380.0,2024-07-26
26,16540.0,0.0,0.0,9870.0,2024-07-27
27,13300.0,0.0,0.0,9224.0,2024-07-28
28,21730.0,0.0,0.0,11370.0,2024-07-29
29,20750.0,0.0,0.0,10856.0,2024-07-30
0,20030.0,0.0,0.0,10710.0,2024-08-01
1,21100.0,0.0,0.0,10680.0,2024-08-02
2,20910.0,0.0,0.0,10856.0,2024-08-03
3,14110.0,1.2,0.0,9130.0,2024-08-04
4,22370.0,0.0,0.0,10760.0,2024-08-05
5,19490.0,0.0,0.0,10664.0,2024-08-06
6,18080.0,0.0,0.0,9990.0,2024-08-07
7,19100.0,0.0,0.0,10330.0,2024-08-08
8,21400.0,0.0,0.0,10790.0,2024-08-09
9,22140.0,0.0,0.0,11490.0,2024-08-10
10,16190.0,0.0,0.0,9720.0,2024-08-11
11,20740.0,0.0,0.0,10630.0,2024-08-12
12,19220.0,0.0,0.0,10344.0,2024-08-13
13,19140.0,0.0,0.0,10216.0,2024-08-14
14,17260.0,0.0,0.0,10500.0,2024-08-15
15,17340.0,0.0,0.0,10400.0,2024-08-16
16,18380.0,0.0,0.0,10616.0,2024-08-17
17,10530.0,115.2,0.0,8100.0,2024-08-18
18,20510.0,0.0,0.0,10960.0,2024-08-19
19,18580.0,0.0,0.0,10330.0,2024-08-20
20,18530.0,0.0,0.0,10720.0,2024-08-21
21,20140.0,0.0,0.0,10910.0,2024-08-22
22,21200.0,0.0,0.0,11090.0,2024-08-23
23,15890.0,0.0,0.0,9416.0,2024-08-24
24,18610.0,0.0,0.0,10830.0,2024-08-25
25,21980.0,0.0,0.0,10456.0,2024-08-26
26,15256.0,0.0,0.0,9384.0,2024-08-27
27,20580.0,0.0,0.0,10840.0,2024-08-28
28,18350.0,0.0,0.0,10270.0,2024-08-29
29,20900.0,0.0,0.0,10376.0,2024-08-30
0,12790.0,0.0,0.0,8440.0,2024-09-01
1,19180.0,0.0,0.0,10180.0,2024-09-02
2,19870.0,0.0,0.0,10780.0,2024-09-03
3,19070.0,0.0,0.0,10440.0,2024-09-04
4,17950.0,0.0,0.0,10590.0,2024-09-05
5,17520.0,0.0,0.0,10220.0,2024-09-06
6,20720.0,0.0,0.0,10770.0,2024-09-07
7,14180.0,0.0,0.0,8410.0,2024-09-08
8,21400.0,0.0,0.0,11144.0,2024-09-09
9,18830.0,0.0,0.0,10210.0,2024-09-10
10,21890.0,0.0,0.0,11540.0,2024-09-11
11,19760.0,0.0,0.0,10940.0,2024-09-12
12,20180.0,0.0,0.0,11090.0,2024-09-13
13,19860.0,0.0,0.0,10750.0,2024-09-14
14,12984.0,0.0,0.0,8920.0,2024-09-15
15,21260.0,0.0,0.0,10620.0,2024-09-16
16,17090.0,0.0,0.0,9970.0,2024-09-17
17,15530.0,0.0,0.0,9690.0,2024-09-18
18,21730.0,0.0,0.0,11150.0,2024-09-19
19,19540.0,0.0,0.0,10850.0,2024-09-20
20,20370.0,0.0,0.0,10780.0,2024-09-21
21,12910.0,19.2,0.0,7516.0,2024-09-22
22,19310.0,0.0,0.0,10010.0,2024-09-23
23,20900.0,0.0,0.0,11080.0,2024-09-24
24,21330.0,0.0,0.0,10616.0,2024-09-25
25,22020.0,0.0,0.0,11336.0,2024-09-26
26,21680.0,0.0,0.0,11150.0,2024-09-27
27,22100.0,0.0,0.0,10890.0,2024-09-28
28,20300.0,0.0,0.0,10110.0,2024-09-29
